gare_id,canonical_name,direction,in_anchors,status,toll_roads,toll_m,origin_used,maps_link
2,ABBEVILLE EST,entry,True,FAIL_BLOCK,A 16,21788.6,"50.105799,1.828902 (name)","https://www.google.com/maps/dir/50.105799,1.828902/50.102849,1.873087"
2,ABBEVILLE EST,exit,True,FAIL_BLOCK,A 16,18460.7,"50.105799,1.828902 (name)","https://www.google.com/maps/dir/50.102849,1.873087/50.105799,1.828902"
3,ABBEVILLE NORD,entry,True,FAIL_BLOCK,A 16,7947.1,"50.105799,1.828902 (name)","https://www.google.com/maps/dir/50.105799,1.828902/50.140078,1.808197"
3,ABBEVILLE NORD,exit,True,FAIL_BLOCK,A 16; E 402,15208.8,"50.105799,1.828902 (name)","https://www.google.com/maps/dir/50.140078,1.808197/50.105799,1.828902"
4,Ablis,entry,True,FAIL_BLOCK,A 10; E 05; E 50; A 11; E 50,12370.2,"48.535098,1.849400 (name)","https://www.google.com/maps/dir/48.535098,1.849400/48.526544,1.834914"
4,Ablis,exit,True,FAIL_BLOCK,A 11; E 50,19699.1,"48.535098,1.849400 (name)","https://www.google.com/maps/dir/48.526544,1.834914/48.535098,1.849400"
5,ABLIS,entry,True,FAIL_BLOCK,A 10; E 05; E 50; A 11; E 50,12370.2,"48.535098,1.849400 (name)","https://www.google.com/maps/dir/48.535098,1.849400/48.526544,1.834914"
5,ABLIS,exit,True,FAIL_BLOCK,A 11; E 50,19699.1,"48.535098,1.849400 (name)","https://www.google.com/maps/dir/48.526544,1.834914/48.535098,1.849400"
6,Agde Pézenas,entry,True,FAIL_BLOCK,A 75; E 11; A 9; E 15; E 80,30242.8,"43.456901,3.418941 (name)","https://www.google.com/maps/dir/43.456901,3.418941/43.376617,3.414270"
6,Agde Pézenas,exit,True,FAIL_BLOCK,A 9; E 15; E 80; D 600,26095.1,"43.456901,3.418941 (name)","https://www.google.com/maps/dir/43.376617,3.414270/43.456901,3.418941"
7,Agen,exit,True,FAIL_BLOCK,A 62; E 72,25903.8,"44.202304,0.631041 (name)","https://www.google.com/maps/dir/44.162390,0.602683/44.202304,0.631041"
8,Agen Ouest,entry,True,FAIL_BLOCK,A 62; E 72,31256.2,"44.202304,0.631041 (name)","https://www.google.com/maps/dir/44.202304,0.631041/44.186283,0.540807"
8,Agen Ouest,exit,True,FAIL_BLOCK,A 62; E 72,25868.1,"44.202304,0.631041 (name)","https://www.google.com/maps/dir/44.186283,0.540807/44.202304,0.631041"
11,Aiguillon,entry,True,FAIL_BLOCK,A 62; E 72,26172.8,"44.297400,0.364287 (name)","https://www.google.com/maps/dir/44.297400,0.364287/44.281689,0.268855"
11,Aiguillon,exit,True,FAIL_BLOCK,A 62; E 72,22113.7,"44.297400,0.364287 (name)","https://www.google.com/maps/dir/44.281689,0.268855/44.297400,0.364287"
14,AIRE-SUR-LA-LYS,entry,True,FAIL_BLOCK,A 26; E 15,8613.9,"50.643784,2.403358 (name)","https://www.google.com/maps/dir/50.643784,2.403358/50.671247,2.250779"
14,AIRE-SUR-LA-LYS,exit,True,FAIL_BLOCK,A 26; E 15,22539.8,"50.643784,2.403358 (name)","https://www.google.com/maps/dir/50.671247,2.250779/50.643784,2.403358"
15,AITON,exit,True,FAIL_BLOCK,A 43; E 70; A 430,11979.6,"45.566974,6.254741 (name)","https://www.google.com/maps/dir/45.557904,6.242413/45.566974,6.254741"
22,Alençon,exit,False,FAIL_BLOCK,A 28; E 402; A 88,30190.1,"48.429633,0.092012 (name)","https://www.google.com/maps/dir/48.397807,0.104804/48.429633,0.092012"
23,Alençon nord,entry,True,FAIL_BLOCK,A 28; E 402,18115.0,"48.429633,0.092012 (name)","https://www.google.com/maps/dir/48.429633,0.092012/48.451606,0.132470"
23,Alençon nord,exit,True,FAIL_BLOCK,A 28; E 402; A 88,22483.9,"48.429633,0.092012 (name)","https://www.google.com/maps/dir/48.451606,0.132470/48.429633,0.092012"
24,ALENCON NORD,entry,True,FAIL_BLOCK,A 28; E 402,18115.0,"48.429633,0.092012 (name)","https://www.google.com/maps/dir/48.429633,0.092012/48.451606,0.132470"
24,ALENCON NORD,exit,True,FAIL_BLOCK,A 28; E 402; A 88,22483.9,"48.429633,0.092012 (name)","https://www.google.com/maps/dir/48.451606,0.132470/48.429633,0.092012"
25,Alençon sud,exit,True,FAIL_BLOCK,A 28; E 402; A 88,29218.3,"48.429633,0.092012 (name)","https://www.google.com/maps/dir/48.396606,0.111489/48.429633,0.092012"
26,ALENCON SUD,exit,True,FAIL_BLOCK,A 28; E 402; A 88,29218.3,"48.429633,0.092012 (name)","https://www.google.com/maps/dir/48.396606,0.111489/48.429633,0.092012"
28,Allainville,entry,True,FAIL_BLOCK,A 10; E 05; E 50; A 10; E 05,16654.7,"48.465354,1.897490 (name)","https://www.google.com/maps/dir/48.465354,1.897490/48.455294,1.911760"
28,Allainville,exit,True,FAIL_BLOCK,A 10; E 05,46291.5,"48.465354,1.897490 (name)","https://www.google.com/maps/dir/48.455294,1.911760/48.465354,1.897490"
29,ALLONZIER,entry,False,FAIL_BLOCK,A 41; E 712; A 41,6800.5,"45.994007,6.107365 (name)","https://www.google.com/maps/dir/45.994007,6.107365/45.990187,6.127813"
29,ALLONZIER,exit,False,FAIL_BLOCK,A 41; E 21; E 62,19550.1,"45.994007,6.107365 (name)","https://www.google.com/maps/dir/45.990187,6.127813/45.994007,6.107365"
31,Ambérieu,entry,True,FAIL_BLOCK,A 40; E 21; E 62; A 42; E 611,21118.6,"45.958414,5.368862 (name)","https://www.google.com/maps/dir/45.958414,5.368862/45.981506,5.311680"
31,Ambérieu,exit,True,FAIL_BLOCK,A 42; E 611,18483.4,"45.958414,5.368862 (name)","https://www.google.com/maps/dir/45.981506,5.311680/45.958414,5.368862"
32,AMBERIEU EN BUGEY,entry,True,FAIL_BLOCK,A 40; E 21; E 62; A 42; E 611,21118.6,"45.958414,5.368862 (name)","https://www.google.com/maps/dir/45.958414,5.368862/45.981506,5.311680"
32,AMBERIEU EN BUGEY,exit,True,FAIL_BLOCK,A 42; E 611,18483.4,"45.958414,5.368862 (name)","https://www.google.com/maps/dir/45.981506,5.311680/45.958414,5.368862"
35,Amboise/Château-Renault,entry,True,FAIL_BLOCK,A 10; E 05; E 60,30677.8,"47.594670,0.909328 (name)","https://www.google.com/maps/dir/47.594670,0.909328/47.546246,0.986234"
35,Amboise/Château-Renault,exit,True,FAIL_BLOCK,A 10; E 05; E 60,14178.8,"47.594670,0.909328 (name)","https://www.google.com/maps/dir/47.546246,0.986234/47.594670,0.909328"
37,AMIENS NORD,entry,True,FAIL_BLOCK,A 16,18544.8,"49.903041,2.292605 (name)","https://www.google.com/maps/dir/49.903041,2.292605/49.932004,2.245871"
37,AMIENS NORD,exit,True,FAIL_BLOCK,A 16; Avenue François Mitterrand,6075.3,"49.903041,2.292605 (name)","https://www.google.com/maps/dir/49.932004,2.245871/49.903041,2.292605"
38,AMIENS OUEST,entry,True,FAIL_BLOCK,Avenue François Mitterrand,1786.8,"49.903041,2.292605 (name)","https://www.google.com/maps/dir/49.903041,2.292605/49.890680,2.228691"
38,AMIENS OUEST,exit,True,FAIL_BLOCK,A 16,4090.8,"49.903041,2.292605 (name)","https://www.google.com/maps/dir/49.890680,2.228691/49.903041,2.292605"
40,ANCENIS,entry,True,FAIL_BLOCK,A 11,25372.8,"47.385541,-1.197594 (name)","https://www.google.com/maps/dir/47.385541,-1.197594/47.400840,-1.194432"
40,ANCENIS,exit,True,FAIL_BLOCK,A 11; E 60,29301.2,"47.385541,-1.197594 (name)","https://www.google.com/maps/dir/47.400840,-1.194432/47.385541,-1.197594"
41,Andrézieux-Bouthéon nord,entry,False,FAIL_BLOCK,A 72,2509.6,"45.532152,4.280670 (name)","https://www.google.com/maps/dir/45.532152,4.280670/45.547876,4.271073"
42,Andrézieux-Bouthéon sud,entry,False,FAIL_BLOCK,A 72,2509.6,"45.532152,4.280670 (name)","https://www.google.com/maps/dir/45.532152,4.280670/45.547876,4.271073"
46,ANGERS,entry,True,FAIL_BLOCK,A 11; E 60,10498.6,"47.467471,-0.561615 (name)","https://www.google.com/maps/dir/47.467471,-0.561615/47.464765,-0.691621"
46,ANGERS,exit,True,FAIL_BLOCK,A 11; E 60,5920.2,"47.467471,-0.561615 (name)","https://www.google.com/maps/dir/47.464765,-0.691621/47.467471,-0.561615"
48,ANNECY CENTRE,entry,True,FAIL_BLOCK,A 41; E 712,2803.1,"45.901584,6.125296 (name)","https://www.google.com/maps/dir/45.901584,6.125296/45.897950,6.092060"
49,ANNECY NORD,exit,False,FAIL_BLOCK,A 41; E 712; A 410; E 712,6944.9,"45.901584,6.125296 (name)","https://www.google.com/maps/dir/45.938806,6.117104/45.901584,6.125296"
52,ARGENTAN OUEST,entry,False,FAIL_BLOCK,A 88,7779.9,"48.729955,-0.013024 (name)","https://www.google.com/maps/dir/48.729955,-0.013024/48.657152,0.087589"
55,ARLAY,entry,True,FAIL_BLOCK,A 39,44024.5,"46.759650,5.542317 (name)","https://www.google.com/maps/dir/46.759650,5.542317/46.774605,5.518974"
55,ARLAY,exit,True,FAIL_BLOCK,A 39; A 36; E 60,47613.5,"46.759650,5.542317 (name)","https://www.google.com/maps/dir/46.774605,5.518974/46.759650,5.542317"
56,ARRAS EST,entry,True,FAIL_BLOCK,A 1; E 15,19661.6,"50.287896,2.768267 (name)","https://www.google.com/maps/dir/50.287896,2.768267/50.267933,2.867623"
56,ARRAS EST,exit,True,FAIL_BLOCK,A 1; E 15; E 15; A 26; E 17; E 19,55878.5,"50.287896,2.768267 (name)","https://www.google.com/maps/dir/50.267933,2.867623/50.287896,2.768267"
57,ARRAS NORD,entry,True,FAIL_BLOCK,A 1; E 17; E 17; A 26; E 15,11314.2,"50.287896,2.768267 (name)","https://www.google.com/maps/dir/50.287896,2.768267/50.349009,2.788544"
57,ARRAS NORD,exit,True,FAIL_BLOCK,A 26; E 15,12660.2,"50.287896,2.768267 (name)","https://www.google.com/maps/dir/50.349009,2.788544/50.287896,2.768267"
58,Artenay,entry,True,FAIL_BLOCK,A 10; E 05,13705.4,"48.076440,1.876771 (name)","https://www.google.com/maps/dir/48.076440,1.876771/48.084924,1.851642"
58,Artenay,exit,True,FAIL_BLOCK,A 10; E 05,4456.5,"48.076440,1.876771 (name)","https://www.google.com/maps/dir/48.084924,1.851642/48.076440,1.876771"
59,Artix,entry,True,FAIL_BLOCK,E 07; A 64; E 80,13772.6,"43.397719,-0.568770 (name)","https://www.google.com/maps/dir/43.397719,-0.568770/43.397630,-0.549303"
59,Artix,exit,True,FAIL_BLOCK,A 64; E 80; La Pyrénéenne,19100.7,"43.397719,-0.568770 (name)","https://www.google.com/maps/dir/43.397630,-0.549303/43.397719,-0.568770"
61,Aubagne,entry,False,FAIL_BLOCK,A 501,3059.7,"43.301892,5.563888 (name)","https://www.google.com/maps/dir/43.301892,5.563888/43.324107,5.598551"
61,Aubagne,exit,False,FAIL_BLOCK,A 52,15002.4,"43.301892,5.563888 (name)","https://www.google.com/maps/dir/43.324107,5.598551/43.301892,5.563888"
63,Aubignosc,entry,True,FAIL_BLOCK,Échangeur de Sisteron-Centre; A 51; E 712; Échangeur d'Aubignosc,5932.3,"44.126255,5.974309 (name)","https://www.google.com/maps/dir/44.126255,5.974309/44.127974,5.981238"
63,Aubignosc,exit,True,FAIL_BLOCK,Échangeur d'Aubignosc,915.3,"44.126255,5.974309 (name)","https://www.google.com/maps/dir/44.127974,5.981238/44.126255,5.974309"
64,AUMALE,entry,True,FAIL_BLOCK,A 29; E 44,43871.2,"49.771602,1.747712 (name)","https://www.google.com/maps/dir/49.771602,1.747712/49.760394,1.702956"
65,Auriol,entry,False,FAIL_BLOCK,A 52; A 520,6764.3,"43.360892,5.647170 (name)","https://www.google.com/maps/dir/43.360892,5.647170/43.366917,5.643613"
68,Auxerre nord,entry,True,FAIL_BLOCK,A 6; E 15; E 60,12393.9,"47.790189,3.580299 (name)","https://www.google.com/maps/dir/47.790189,3.580299/47.855773,3.546657"
68,Auxerre nord,exit,True,FAIL_BLOCK,A 6; E 15; E 60; E 60; E 511; A 19; E 511,44727.7,"47.790189,3.580299 (name)","https://www.google.com/maps/dir/47.855773,3.546657/47.790189,3.580299"
69,Auxerre sud,entry,True,FAIL_BLOCK,A 6; E 15; E 60,11848.1,"47.790189,3.580299 (name)","https://www.google.com/maps/dir/47.790189,3.580299/47.799291,3.650191"
69,Auxerre sud,exit,True,FAIL_BLOCK,A 6; E 15; E 60,25461.6,"47.790189,3.580299 (name)","https://www.google.com/maps/dir/47.799291,3.650191/47.790189,3.580299"
70,AUXY,exit,True,FAIL_BLOCK,Eco-Autoroute,739.7,"48.103199,2.476734 (name)","https://www.google.com/maps/dir/48.084840,2.468302/48.103199,2.476734"
71,AUXY,entry,True,FAIL_BLOCK,A 19; E 60,22066.2,"48.103199,2.476734 (name)","https://www.google.com/maps/dir/48.103199,2.476734/48.082846,2.465321"
71,AUXY,exit,True,FAIL_BLOCK,A 19; E 60; A 19,53135.9,"48.103199,2.476734 (name)","https://www.google.com/maps/dir/48.082846,2.465321/48.103199,2.476734"
72,Avallon,entry,True,FAIL_BLOCK,A 6; E 15; E 60,26408.3,"47.484856,3.917279 (name)","https://www.google.com/maps/dir/47.484856,3.917279/47.515206,3.992451"
72,Avallon,exit,True,FAIL_BLOCK,A 6; E 15; E 60,19787.1,"47.484856,3.917279 (name)","https://www.google.com/maps/dir/47.515206,3.992451/47.484856,3.917279"
73,Avignon nord,entry,True,FAIL_BLOCK,A 7; E 714,9027.6,"43.936345,4.848861 (name)","https://www.google.com/maps/dir/43.936345,4.848861/43.979549,4.893091"
73,Avignon nord,exit,True,FAIL_BLOCK,A 7; E 714,6063.7,"43.936345,4.848861 (name)","https://www.google.com/maps/dir/43.979549,4.893091/43.936345,4.848861"
74,Avignon sud,entry,True,FAIL_BLOCK,A 7; E 714,15559.7,"43.936345,4.848861 (name)","https://www.google.com/maps/dir/43.936345,4.848861/43.896500,4.916602"
74,Avignon sud,exit,True,FAIL_BLOCK,A 7; E 714,10356.9,"43.936345,4.848861 (name)","https://www.google.com/maps/dir/43.896500,4.916602/43.936345,4.848861"
75,Péage de Baillargues,entry,True,FAIL_BLOCK,A 9; E 15; E 80,16448.2,"43.655493,4.011786 (name)","https://www.google.com/maps/dir/43.655493,4.011786/43.671556,4.013956"
75,Péage de Baillargues,exit,True,FAIL_BLOCK,A 9; E 15; E 80; D 600,36293.8,"43.655493,4.011786 (name)","https://www.google.com/maps/dir/43.671556,4.013956/43.655493,4.011786"
76,Balan,exit,True,FAIL_BLOCK,A 42; E 611,5092.2,"45.843199,5.110243 (name)","https://www.google.com/maps/dir/45.852784,5.096334/45.843199,5.110243"
77,Balbigny,entry,True,FAIL_BLOCK,A 89; E 70,2884.4,"45.829367,4.192089 (name)","https://www.google.com/maps/dir/45.829367,4.192089/45.836526,4.165342"
77,Balbigny,exit,True,FAIL_BLOCK,A 89; E 70,13025.5,"45.829367,4.192089 (name)","https://www.google.com/maps/dir/45.836526,4.165342/45.829367,4.192089"
78,Bandol,entry,True,FAIL_BLOCK,A 50,4917.4,"43.148136,5.749756 (name)","https://www.google.com/maps/dir/43.148136,5.749756/43.146766,5.772669"
79,BAPAUME,entry,True,FAIL_BLOCK,A 1; E 15; E 19; A 1; E 15,10505.8,"50.101426,2.853188 (name)","https://www.google.com/maps/dir/50.101426,2.853188/50.102811,2.871668"
79,BAPAUME,exit,True,FAIL_BLOCK,A 1; E 15,17562.0,"50.101426,2.853188 (name)","https://www.google.com/maps/dir/50.102811,2.871668/50.101426,2.853188"
80,BARRIERE DE MONTREUIL AUX LIONS,entry,True,FAIL_BLOCK,A 4; E 50,11024.7,"49.019955,3.192893 (name)","https://www.google.com/maps/dir/49.019955,3.192893/49.011517,3.150506"
82,BAUME-LES-DAMES,entry,True,FAIL_BLOCK,A 36; E 60,19531.7,"47.349374,6.361718 (name)","https://www.google.com/maps/dir/47.349374,6.361718/47.374470,6.381279"
82,BAUME-LES-DAMES,exit,True,FAIL_BLOCK,A 36; E 60,24488.2,"47.349374,6.361718 (name)","https://www.google.com/maps/dir/47.374470,6.381279/47.349374,6.361718"
85,Bayonne sud,entry,False,FAIL_BLOCK,A 63; E 05; E 70,6400.8,"43.488544,-1.466564 (name)","https://www.google.com/maps/dir/43.488544,-1.466564/43.461103,-1.501058"
85,Bayonne sud,exit,False,FAIL_BLOCK,A 63; E 05; E 70; E 80,5044.8,"43.488544,-1.466564 (name)","https://www.google.com/maps/dir/43.461103,-1.501058/43.488544,-1.466564"
86,Bazas,entry,True,FAIL_BLOCK,A 65; E 07,19826.9,"44.437496,-0.217433 (name)","https://www.google.com/maps/dir/44.437496,-0.217433/44.446257,-0.246073"
86,Bazas,exit,True,FAIL_BLOCK,A 65,17680.5,"44.437496,-0.217433 (name)","https://www.google.com/maps/dir/44.446257,-0.246073/44.437496,-0.217433"
88,Beaufort-en-Vallée,entry,True,FAIL_BLOCK,A 11; E 501; A 85; E 60,47716.8,"47.441186,-0.213719 (name)","https://www.google.com/maps/dir/47.441186,-0.213719/47.472003,-0.191706"
88,Beaufort-en-Vallée,exit,True,FAIL_BLOCK,A 85; E 60,7410.4,"47.441186,-0.213719 (name)","https://www.google.com/maps/dir/47.472003,-0.191706/47.441186,-0.213719"
89,BEAUFORT EN VALLEE,entry,True,FAIL_BLOCK,A 11; E 501; A 85; E 60,47716.8,"47.441186,-0.213719 (name)","https://www.google.com/maps/dir/47.441186,-0.213719/47.472003,-0.191706"
89,BEAUFORT EN VALLEE,exit,True,FAIL_BLOCK,A 85; E 60,7410.4,"47.441186,-0.213719 (name)","https://www.google.com/maps/dir/47.472003,-0.191706/47.441186,-0.213719"
91,Péage de Beaulieu-s.-Layon,entry,True,FAIL_BLOCK,A 87,739.5,"47.314109,-0.610032 (name)","https://www.google.com/maps/dir/47.314109,-0.610032/47.326504,-0.604256"
91,Péage de Beaulieu-s.-Layon,exit,True,FAIL_BLOCK,A 87,17971.9,"47.314109,-0.610032 (name)","https://www.google.com/maps/dir/47.326504,-0.604256/47.314109,-0.610032"
94,BEAUMONT SUR SARTHE,entry,True,FAIL_BLOCK,A 28; E 402,14495.0,"48.223409,0.119925 (name)","https://www.google.com/maps/dir/48.223409,0.119925/48.193719,0.172052"
94,BEAUMONT SUR SARTHE,exit,True,FAIL_BLOCK,A 28; E 402; A 11; E 50; A 11,56068.0,"48.223409,0.119925 (name)","https://www.google.com/maps/dir/48.193719,0.172052/48.223409,0.119925"
95,Beaune nord,entry,True,FAIL_BLOCK,A 6; E 15; E 60,66334.4,"47.025352,4.840893 (name)","https://www.google.com/maps/dir/47.025352,4.840893/47.039877,4.851304"
95,Beaune nord,exit,True,FAIL_BLOCK,A 6; E 15; E 60; A 31; E 17; E 21; E 60; A 31; E 17; E 21,14739.7,"47.025352,4.840893 (name)","https://www.google.com/maps/dir/47.039877,4.851304/47.025352,4.840893"
96,BEAUNE SUD,entry,True,FAIL_BLOCK,A 6; E 15,6123.0,"47.025352,4.840893 (name)","https://www.google.com/maps/dir/47.025352,4.840893/46.999280,4.858992"
96,BEAUNE SUD,exit,True,FAIL_BLOCK,A 6; E 15; E 21; Péage - Chalon-Centre,22891.8,"47.025352,4.840893 (name)","https://www.google.com/maps/dir/46.999280,4.858992/47.025352,4.840893"
97,BEAUPONT,exit,True,FAIL_BLOCK,A 39,13789.9,"46.422987,5.264577 (name)","https://www.google.com/maps/dir/46.442048,5.273805/46.422987,5.264577"
101,Beausoleil/Monaco Est,entry,True,FAIL_BLOCK,A 8; E 74; E 80,6760.7,"43.744201,7.422903 (name)","https://www.google.com/maps/dir/43.744201,7.422903/43.758991,7.436200"
101,Beausoleil/Monaco Est,exit,True,FAIL_BLOCK,A 8; E 74; E 80,12339.2,"43.744201,7.422903 (name)","https://www.google.com/maps/dir/43.758991,7.436200/43.744201,7.422903"
102,BEAUTOT,exit,False,FAIL_BLOCK,A 29; E 44,15177.8,"49.640472,1.044687 (name)","https://www.google.com/maps/dir/49.635303,1.050659/49.640472,1.044687"
103,BEAUVAIS CENTRE,exit,True,FAIL_BLOCK,A 16,25477.5,"49.439313,2.087881 (name)","https://www.google.com/maps/dir/49.399160,2.122917/49.439313,2.087881"
104,BEAUVAIS NORD,entry,True,FAIL_BLOCK,A 16; E 46; E 46,4262.5,"49.439313,2.087881 (name)","https://www.google.com/maps/dir/49.439313,2.087881/49.430933,2.132300"
104,BEAUVAIS NORD,exit,True,FAIL_BLOCK,E 46,1245.4,"49.439313,2.087881 (name)","https://www.google.com/maps/dir/49.430933,2.132300/49.439313,2.087881"
105,Belcodène,entry,True,FAIL_BLOCK,A 52,4733.8,"43.425114,5.593386 (name)","https://www.google.com/maps/dir/43.425114,5.593386/43.419750,5.575717"
113,BERCK,entry,True,FAIL_BLOCK,A 16; E 402,19654.9,"50.411178,1.581980 (name)","https://www.google.com/maps/dir/50.411178,1.581980/50.408465,1.693601"
113,BERCK,exit,True,FAIL_BLOCK,A 16; E 402,12806.0,"50.411178,1.581980 (name)","https://www.google.com/maps/dir/50.408465,1.693601/50.411178,1.581980"
115,Bernay,exit,True,FAIL_BLOCK,A 28; E 402; A 88,67106.7,"49.089387,0.594919 (name)","https://www.google.com/maps/dir/49.141157,0.580263/49.089387,0.594919"
116,BERNAY,exit,True,FAIL_BLOCK,A 28; E 402; A 88,67106.7,"49.089387,0.594919 (name)","https://www.google.com/maps/dir/49.141157,0.580263/49.089387,0.594919"
117,Péage de Bersaillin,entry,True,FAIL_BLOCK,A 391,546.9,"46.858338,5.596689 (name)","https://www.google.com/maps/dir/46.858338,5.596689/46.849296,5.574617"
117,Péage de Bersaillin,exit,True,FAIL_BLOCK,A 39; A 36; E 60,38293.3,"46.858338,5.596689 (name)","https://www.google.com/maps/dir/46.849296,5.574617/46.858338,5.596689"
118,BERSAILLIN,entry,True,FAIL_BLOCK,A 391,546.9,"46.858338,5.596689 (name)","https://www.google.com/maps/dir/46.858338,5.596689/46.849296,5.574617"
118,BERSAILLIN,exit,True,FAIL_BLOCK,A 39; A 36; E 60,38293.3,"46.858338,5.596689 (name)","https://www.google.com/maps/dir/46.849296,5.574617/46.858338,5.596689"
119,Besançon est,entry,True,FAIL_BLOCK,A 36; A 36; E 60,15209.2,"47.251938,6.001699 (name)","https://www.google.com/maps/dir/47.251938,6.001699/47.336051,6.154401"
119,Besançon est,exit,True,FAIL_BLOCK,A 36; E 60,43490.3,"47.251938,6.001699 (name)","https://www.google.com/maps/dir/47.336051,6.154401/47.251938,6.001699"
120,Besançon nord,entry,True,FAIL_BLOCK,A 36; A 36; E 60,9775.5,"47.251938,6.001699 (name)","https://www.google.com/maps/dir/47.251938,6.001699/47.278332,5.984474"
120,Besançon nord,exit,True,FAIL_BLOCK,A 36; E 60,58128.6,"47.251938,6.001699 (name)","https://www.google.com/maps/dir/47.278332,5.984474/47.251938,6.001699"
121,BESANCON OUEST,entry,True,FAIL_BLOCK,A 36,576.9,"47.251938,6.001699 (name)","https://www.google.com/maps/dir/47.251938,6.001699/47.236227,5.892400"
121,BESANCON OUEST,exit,True,FAIL_BLOCK,A 36; E 60; A 39,61212.6,"47.251938,6.001699 (name)","https://www.google.com/maps/dir/47.236227,5.892400/47.251938,6.001699"
122,BÉTHUNE,entry,True,FAIL_BLOCK,A 26; E 15,7052.4,"50.528207,2.646031 (name)","https://www.google.com/maps/dir/50.528207,2.646031/50.510432,2.613286"
122,BÉTHUNE,exit,True,FAIL_BLOCK,A 26; E 15,12755.0,"50.528207,2.646031 (name)","https://www.google.com/maps/dir/50.510432,2.613286/50.528207,2.646031"
124,Péage de Beynost,entry,False,FAIL_BLOCK,A 42; E 611,1630.4,"45.830607,4.980507 (name)","https://www.google.com/maps/dir/45.830607,4.980507/45.821955,4.996782"
124,Péage de Beynost,exit,False,FAIL_BLOCK,A 42; E 611,4765.5,"45.830607,4.980507 (name)","https://www.google.com/maps/dir/45.821955,4.996782/45.830607,4.980507"
125,BEYNOST,entry,False,FAIL_BLOCK,A 42; E 611,1630.4,"45.830672,4.999440 (name)","https://www.google.com/maps/dir/45.830672,4.999440/45.821955,4.996782"
125,BEYNOST,exit,False,FAIL_BLOCK,A 42; E 611,5949.2,"45.830672,4.999440 (name)","https://www.google.com/maps/dir/45.821955,4.996782/45.830672,4.999440"
127,Béziers ouest,entry,True,FAIL_BLOCK,A 9; E 15; E 80,979.3,"43.343264,3.233465 (name)","https://www.google.com/maps/dir/43.343264,3.233465/43.303488,3.222683"
127,Béziers ouest,exit,True,FAIL_BLOCK,A 9; E 15; E 80; A 75; E 11,8862.8,"43.343264,3.233465 (name)","https://www.google.com/maps/dir/43.303488,3.222683/43.343264,3.233465"
130,Bierre-les-Semur,entry,True,FAIL_BLOCK,A 6; E 15; E 60,65873.3,"47.512073,4.397479 (name)","https://www.google.com/maps/dir/47.512073,4.397479/47.435448,4.306822"
130,Bierre-les-Semur,exit,True,FAIL_BLOCK,A 6; E 15; E 60,26897.4,"47.512073,4.397479 (name)","https://www.google.com/maps/dir/47.435448,4.306822/47.512073,4.397479"
133,Péage du Bignon,entry,True,FAIL_BLOCK,A 83; E 03,7357.6,"47.100317,-1.503862 (name)","https://www.google.com/maps/dir/47.100317,-1.503862/47.114846,-1.491783"
133,Péage du Bignon,exit,True,FAIL_BLOCK,A 83; E 03,1705.4,"47.100317,-1.503862 (name)","https://www.google.com/maps/dir/47.114846,-1.491783/47.100317,-1.503862"
134,Biriatou,entry,False,FAIL_BLOCK,A 63; E 05; E 70; E 80,7679.3,"43.334883,-1.743402 (name)","https://www.google.com/maps/dir/43.334883,-1.743402/43.340527,-1.750857"
135,Péage de Biriatou,entry,False,FAIL_BLOCK,A 63; E 05; E 70; E 80,7552.3,"43.334883,-1.743402 (name)","https://www.google.com/maps/dir/43.334883,-1.743402/43.341245,-1.749638"
137,BLERE,entry,False,FAIL_BLOCK,A 85; E 604,14789.9,"47.301210,0.992188 (name)","https://www.google.com/maps/dir/47.301210,0.992188/47.288802,0.980887"
137,BLERE,exit,False,FAIL_BLOCK,A 85; E 604,30648.6,"47.301210,0.992188 (name)","https://www.google.com/maps/dir/47.288802,0.980887/47.301210,0.992188"
138,Blois,exit,True,FAIL_BLOCK,A 10; E 05; E 60,30305.3,"47.581406,1.316533 (name)","https://www.google.com/maps/dir/47.624887,1.346537/47.581406,1.316533"
139,BOLBEC,entry,True,FAIL_BLOCK,A 29; E 44,1097.6,"49.575224,0.483302 (name)","https://www.google.com/maps/dir/49.575224,0.483302/49.581722,0.437219"
139,BOLBEC,exit,True,FAIL_BLOCK,A 29; E 44,9919.6,"49.575224,0.483302 (name)","https://www.google.com/maps/dir/49.581722,0.437219/49.575224,0.483302"
140,Bollène,entry,True,FAIL_BLOCK,A7 S,1072.6,"44.291282,4.751420 (name)","https://www.google.com/maps/dir/44.291282,4.751420/44.294940,4.745490"
140,Bollène,exit,True,FAIL_BLOCK,A 7; E 15; A 7; E 714,26908.0,"44.291282,4.751420 (name)","https://www.google.com/maps/dir/44.294940,4.745490/44.291282,4.751420"
141,Bonneville Est,entry,False,FAIL_BLOCK,A 40; E 25,4250.4,"46.076863,6.408097 (name)","https://www.google.com/maps/dir/46.076863,6.408097/46.070130,6.424607"
142,Bonneville Ouest,entry,False,FAIL_BLOCK,A 40; E 25,3884.1,"46.076863,6.408097 (name)","https://www.google.com/maps/dir/46.076863,6.408097/46.073228,6.382499"
142,Bonneville Ouest,exit,False,FAIL_BLOCK,A 40; E 25,8834.7,"46.076863,6.408097 (name)","https://www.google.com/maps/dir/46.073228,6.382499/46.076863,6.408097"
147,BOULAY,entry,True,FAIL_BLOCK,A 314,17609.2,"49.174790,6.494882 (name)","https://www.google.com/maps/dir/49.174790,6.494882/49.140892,6.470362"
147,BOULAY,exit,True,FAIL_BLOCK,A 4; E 25; E 50,3813.8,"49.174790,6.494882 (name)","https://www.google.com/maps/dir/49.140892,6.470362/49.174790,6.494882"
149,BOULOGNE SUD,exit,True,FAIL_BLOCK,A 16; E 402,8399.5,"50.726334,1.607492 (name)","https://www.google.com/maps/dir/50.676281,1.662265/50.726334,1.607492"
150,BOURG-ACHARD,entry,False,FAIL_BLOCK,A 13; E 05; E 46,616.4,"49.347686,0.809686 (name)","https://www.google.com/maps/dir/49.347686,0.809686/49.364977,0.816482"
150,BOURG-ACHARD,exit,False,FAIL_BLOCK,A 13; E 05; E 46,13355.2,"49.347686,0.809686 (name)","https://www.google.com/maps/dir/49.364977,0.816482/49.347686,0.809686"
153,Bourges,entry,True,FAIL_BLOCK,A 71; E 11,42101.2,"47.082882,2.402294 (name)","https://www.google.com/maps/dir/47.082882,2.402294/47.043165,2.339047"
153,Bourges,exit,True,FAIL_BLOCK,A 71; E 11,26928.7,"47.082882,2.402294 (name)","https://www.google.com/maps/dir/47.043165,2.339047/47.082882,2.402294"
155,BOURGOIN,exit,False,FAIL_BLOCK,A 43; E 70; E 711,1083.2,"45.597957,5.266993 (name)","https://www.google.com/maps/dir/45.582177,5.300172/45.597957,5.266993"
156,Bourgueil,entry,True,FAIL_BLOCK,A 85; E 60,26117.8,"47.295168,0.180986 (name)","https://www.google.com/maps/dir/47.295168,0.180986/47.256810,0.167914"
156,Bourgueil,exit,True,FAIL_BLOCK,A 85; E 60,18086.0,"47.295168,0.180986 (name)","https://www.google.com/maps/dir/47.256810,0.167914/47.295168,0.180986"
157,BOURGUEIL,entry,True,FAIL_BLOCK,A 85; E 60,26117.8,"47.295168,0.180986 (name)","https://www.google.com/maps/dir/47.295168,0.180986/47.256810,0.167914"
157,BOURGUEIL,exit,True,FAIL_BLOCK,A 85; E 60,18086.0,"47.295168,0.180986 (name)","https://www.google.com/maps/dir/47.256810,0.167914/47.295168,0.180986"
158,BOURNEVILLE,entry,False,FAIL_BLOCK,A 13; E 05; E 46,13971.6,"49.395952,0.616456 (name)","https://www.google.com/maps/dir/49.395952,0.616456/49.376588,0.633596"
160,Bram,entry,True,FAIL_BLOCK,A 61; E 80,14847.9,"43.249204,2.102677 (name)","https://www.google.com/maps/dir/43.249204,2.102677/43.236668,2.096487"
160,Bram,exit,True,FAIL_BLOCK,A 61; E 80,18750.7,"43.249204,2.102677 (name)","https://www.google.com/maps/dir/43.236668,2.096487/43.249204,2.102677"
162,Brignoles,exit,False,FAIL_BLOCK,A 8; E 80; A 57,25813.6,"43.405995,6.073657 (name)","https://www.google.com/maps/dir/43.421348,6.067251/43.405995,6.073657"
164,Brionne,entry,True,FAIL_BLOCK,A 28; E 402,39503.4,"49.188685,0.712970 (name)","https://www.google.com/maps/dir/49.188685,0.712970/49.245767,0.775772"
164,Brionne,exit,True,FAIL_BLOCK,A 28; E 402; A 13; E 05; E 46,16068.1,"49.188685,0.712970 (name)","https://www.google.com/maps/dir/49.245767,0.775772/49.188685,0.712970"
165,BRIONNE,entry,True,FAIL_BLOCK,A 28; E 402,39503.4,"49.188685,0.712970 (name)","https://www.google.com/maps/dir/49.188685,0.712970/49.245767,0.775772"
165,BRIONNE,exit,True,FAIL_BLOCK,A 28; E 402; A 13; E 05; E 46,16068.1,"49.188685,0.712970 (name)","https://www.google.com/maps/dir/49.245767,0.775772/49.188685,0.712970"
169,BROU,entry,True,FAIL_BLOCK,A 11; E 50,50312.6,"48.218538,1.160728 (name)","https://www.google.com/maps/dir/48.218538,1.160728/48.232218,1.032858"
169,BROU,exit,True,FAIL_BLOCK,A 11; E 50,28021.3,"48.218538,1.160728 (name)","https://www.google.com/maps/dir/48.232218,1.032858/48.218538,1.160728"
170,BULGNEVILLE,entry,False,FAIL_BLOCK,A 31; E 21,10583.0,"48.207210,5.834628 (name)","https://www.google.com/maps/dir/48.207210,5.834628/48.220443,5.837156"
170,BULGNEVILLE,exit,False,FAIL_BLOCK,A 31; E 21,14597.3,"48.207210,5.834628 (name)","https://www.google.com/maps/dir/48.220443,5.837156/48.207210,5.834628"
171,Péage de Cabariot,entry,True,FAIL_BLOCK,A 837; E 602,1664.1,"45.936655,-0.849707 (name)","https://www.google.com/maps/dir/45.936655,-0.849707/45.943926,-0.849363"
171,Péage de Cabariot,exit,True,FAIL_BLOCK,A 837; E 602; D 137,29878.7,"45.936655,-0.849707 (name)","https://www.google.com/maps/dir/45.943926,-0.849363/45.936655,-0.849707"
172,CAEN,entry,True,FAIL_BLOCK,A 13; E 46,3954.1,"49.184316,-0.371930 (name)","https://www.google.com/maps/dir/49.184316,-0.371930/49.168114,-0.247100"
172,CAEN,exit,True,FAIL_BLOCK,A 13; E 46,3415.6,"49.184316,-0.371930 (name)","https://www.google.com/maps/dir/49.168114,-0.247100/49.184316,-0.371930"
174,CAGNY,entry,True,FAIL_BLOCK,A 13; E 46,4113.9,"49.149155,-0.260845 (name)","https://www.google.com/maps/dir/49.149155,-0.260845/49.168114,-0.247103"
174,CAGNY,exit,True,FAIL_BLOCK,A 13; E 46,3415.8,"49.149155,-0.260845 (name)","https://www.google.com/maps/dir/49.168114,-0.247103/49.149155,-0.260845"
178,CAMBRAI,entry,True,FAIL_BLOCK,A 2; E 19,1602.9,"50.172628,3.240712 (name)","https://www.google.com/maps/dir/50.172628,3.240712/50.177474,3.185007"
178,CAMBRAI,exit,True,FAIL_BLOCK,E 19,29598.0,"50.172628,3.240712 (name)","https://www.google.com/maps/dir/50.177474,3.185007/50.172628,3.240712"
184,Captieux,entry,True,FAIL_BLOCK,A 65; E 07,20313.7,"44.261682,-0.256881 (name)","https://www.google.com/maps/dir/44.261682,-0.256881/44.284935,-0.231637"
184,Captieux,exit,True,FAIL_BLOCK,A 65; E 07,29721.2,"44.261682,-0.256881 (name)","https://www.google.com/maps/dir/44.284935,-0.231637/44.261682,-0.256881"
185,Capvern,entry,True,FAIL_BLOCK,A 645; A 64; E 80,22829.3,"43.108898,0.328743 (name)","https://www.google.com/maps/dir/43.108898,0.328743/43.102327,0.338640"
185,Capvern,exit,True,FAIL_BLOCK,A 64; E 80,14217.4,"43.108898,0.328743 (name)","https://www.google.com/maps/dir/43.102327,0.338640/43.108898,0.328743"
187,Carcassonne est,exit,True,FAIL_BLOCK,A 61; E 80,35950.6,"43.206781,2.349415 (name)","https://www.google.com/maps/dir/43.194357,2.419561/43.206781,2.349415"
188,Carcassonne ouest,entry,True,FAIL_BLOCK,A 61; E 80,32707.5,"43.206781,2.349415 (name)","https://www.google.com/maps/dir/43.206781,2.349415/43.194939,2.303158"
188,Carcassonne ouest,exit,True,FAIL_BLOCK,A 61; E 80,45936.7,"43.206781,2.349415 (name)","https://www.google.com/maps/dir/43.194939,2.303158/43.206781,2.349415"
189,Carnoules,entry,True,FAIL_BLOCK,A 57,10014.5,"43.299794,6.192189 (name)","https://www.google.com/maps/dir/43.299794,6.192189/43.289740,6.194347"
190,Carros,entry,False,FAIL_BLOCK,A 8; E 80,2065.5,"43.784043,7.191567 (name)","https://www.google.com/maps/dir/43.784043,7.191567/43.691601,7.189750"
191,Cassis,entry,True,FAIL_BLOCK,A 50,2374.8,"43.223489,5.548832 (name)","https://www.google.com/maps/dir/43.223489,5.548832/43.224647,5.582277"
191,Cassis,exit,True,FAIL_BLOCK,A 50,3211.6,"43.223489,5.548832 (name)","https://www.google.com/maps/dir/43.224647,5.582277/43.223489,5.548832"
192,Castelnaudary,entry,True,FAIL_BLOCK,A 61; E 80,32753.9,"43.315108,1.959918 (name)","https://www.google.com/maps/dir/43.315108,1.959918/43.288796,1.944152"
192,Castelnaudary,exit,True,FAIL_BLOCK,A 61; E 80,862.2,"43.315108,1.959918 (name)","https://www.google.com/maps/dir/43.288796,1.944152/43.315108,1.959918"
193,Castelsarrasin,entry,True,FAIL_BLOCK,A 62; E 72,20185.3,"44.048086,1.131930 (name)","https://www.google.com/maps/dir/44.048086,1.131930/44.052651,1.095716"
193,Castelsarrasin,exit,True,FAIL_BLOCK,A 62; E 72; 10,24135.3,"44.048086,1.131930 (name)","https://www.google.com/maps/dir/44.052651,1.095716/44.048086,1.131930"
194,Castets,entry,False,FAIL_BLOCK,A 63; E 05; E 70,5913.1,"43.881800,-1.147983 (name)","https://www.google.com/maps/dir/43.881800,-1.147983/43.835282,-1.180617"
194,Castets,exit,False,FAIL_BLOCK,A 63; E 05; E 70,6628.3,"43.881800,-1.147983 (name)","https://www.google.com/maps/dir/43.835282,-1.180617/43.881800,-1.147983"
195,Castets,entry,False,FAIL_BLOCK,A 63; E 05; E 70,5913.1,"43.881800,-1.147983 (name)","https://www.google.com/maps/dir/43.881800,-1.147983/43.835282,-1.180617"
195,Castets,exit,False,FAIL_BLOCK,A 63; E 05; E 70,6628.3,"43.881800,-1.147983 (name)","https://www.google.com/maps/dir/43.835282,-1.180617/43.881800,-1.147983"
197,Cavaillon,exit,True,FAIL_BLOCK,A 7; E 714,9855.2,"43.848790,5.036175 (name)","https://www.google.com/maps/dir/43.814792,5.033922/43.848790,5.036175"
201,CHÂLONS-EN-CHAMPAGNE / LA VEUVE,entry,True,FAIL_BLOCK,A 4; E 50,9833.2,"48.955254,4.368278 (name)","https://www.google.com/maps/dir/48.955254,4.368278/49.043479,4.320427"
201,CHÂLONS-EN-CHAMPAGNE / LA VEUVE,exit,True,FAIL_BLOCK,A 4; E 50,32987.4,"48.955254,4.368278 (name)","https://www.google.com/maps/dir/49.043479,4.320427/48.955254,4.368278"
204,CHAMBERY NORD,exit,False,FAIL_BLOCK,A 43; E 70; E 712; A 41; E 712,23655.6,"45.583223,5.909299 (name)","https://www.google.com/maps/dir/45.602732,5.887064/45.583223,5.909299"
205,PEAGE DE CHAMBOURCY,entry,True,FAIL_BLOCK,A 14,12371.0,"48.902406,2.041587 (name)","https://www.google.com/maps/dir/48.902406,2.041587/48.912206,2.045723"
205,PEAGE DE CHAMBOURCY,exit,True,FAIL_BLOCK,A 14,1410.9,"48.902406,2.041587 (name)","https://www.google.com/maps/dir/48.912206,2.045723/48.902406,2.041587"
207,Chanas,entry,True,FAIL_BLOCK,A 7; E 15,7687.8,"45.322731,4.832401 (name)","https://www.google.com/maps/dir/45.322731,4.832401/45.322905,4.812056"
207,Chanas,exit,True,FAIL_BLOCK,A 7; E 15,1860.7,"45.322731,4.832401 (name)","https://www.google.com/maps/dir/45.322905,4.812056/45.322731,4.832401"
208,Chantonnay,exit,True,FAIL_BLOCK,A 83; E 03,19971.2,"46.670663,-1.049215 (name)","https://www.google.com/maps/dir/46.627550,-1.147716/46.670663,-1.049215"
211,Charmont-sous-Barbuise,exit,True,FAIL_BLOCK,A 26; E 17,13306.0,"48.409136,4.176287 (name)","https://www.google.com/maps/dir/48.412740,4.146532/48.409136,4.176287"
214,CHARTRES-THIVARS,entry,False,FAIL_BLOCK,A 11; E 50,16137.5,"48.446525,1.502286 (name)","https://www.google.com/maps/dir/48.446525,1.502286/48.363346,1.444298"
214,CHARTRES-THIVARS,exit,False,FAIL_BLOCK,A 11; E 50,835.2,"48.446525,1.502286 (name)","https://www.google.com/maps/dir/48.363346,1.444298/48.446525,1.502286"
217,CHATEAU-RENAULT,entry,True,FAIL_BLOCK,A 10; E 05; E 60,30677.8,"47.594670,0.909328 (name)","https://www.google.com/maps/dir/47.594670,0.909328/47.546246,0.986234"
217,CHATEAU-RENAULT,exit,True,FAIL_BLOCK,A 10; E 05; E 60,14178.8,"47.594670,0.909328 (name)","https://www.google.com/maps/dir/47.546246,0.986234/47.594670,0.909328"
218,CHÂTEAU-THIERRY,exit,True,FAIL_BLOCK,A 4; E 50,22467.7,"49.050003,3.383835 (name)","https://www.google.com/maps/dir/49.081264,3.402355/49.050003,3.383835"
219,CHATELLERAULT NORD,exit,True,FAIL_BLOCK,A 10; E 05,8281.8,"46.816200,0.551000 (name)","https://www.google.com/maps/dir/46.837926,0.524726/46.816200,0.551000"
220,CHATELLERAULT SUD,exit,True,FAIL_BLOCK,A 10; E 05,17579.1,"46.816200,0.551000 (name)","https://www.google.com/maps/dir/46.781558,0.500526/46.816200,0.551000"
223,CHATILLON-LABORDE,exit,True,FAIL_BLOCK,A 5; E 54,18223.3,"48.530369,2.831388 (name)","https://www.google.com/maps/dir/48.539508,2.794951/48.530369,2.831388"
224,CHATUZANGE BARRIERE,entry,True,FAIL_BLOCK,A 49; E 713,23040.6,"45.005351,5.093124 (name)","https://www.google.com/maps/dir/45.005351,5.093124/45.026047,5.096592"
224,CHATUZANGE BARRIERE,exit,True,FAIL_BLOCK,A 49; E 713,994.2,"45.005351,5.093124 (name)","https://www.google.com/maps/dir/45.026047,5.096592/45.005351,5.093124"
227,CHAUMONT-SEMOUTIERS,exit,True,FAIL_BLOCK,A 5; E 17; E 54; A 31; E 21,26247.8,"48.061289,5.051148 (name)","https://www.google.com/maps/dir/48.039707,5.060420/48.061289,5.051148"
228,Chémery,entry,True,FAIL_BLOCK,A 85; E 604,12790.0,"47.349003,1.485258 (name)","https://www.google.com/maps/dir/47.349003,1.485258/47.328378,1.500173"
228,Chémery,exit,True,FAIL_BLOCK,A 85; E 604,22232.4,"47.349003,1.485258 (name)","https://www.google.com/maps/dir/47.328378,1.500173/47.349003,1.485258"
229,Chemillé,entry,True,FAIL_BLOCK,A 87,18048.2,"47.216653,-0.689179 (name)","https://www.google.com/maps/dir/47.216653,-0.689179/47.240102,-0.729159"
229,Chemillé,exit,True,FAIL_BLOCK,A 87,13787.8,"47.216653,-0.689179 (name)","https://www.google.com/maps/dir/47.240102,-0.729159/47.216653,-0.689179"
232,Chignin Barrière,entry,False,FAIL_BLOCK,A 43; E 70; E 712,3802.4,"45.522213,6.007821 (name)","https://www.google.com/maps/dir/45.522213,6.007821/45.513883,5.999755"
232,Chignin Barrière,exit,False,FAIL_BLOCK,A 43; E 70; E 712; A 43; E 70,37705.3,"45.522213,6.007821 (name)","https://www.google.com/maps/dir/45.513883,5.999755/45.522213,6.007821"
233,CHIGNIN BRETELLE,entry,False,FAIL_BLOCK,A 43; E 70; E 712,4059.8,"45.522213,6.007821 (name)","https://www.google.com/maps/dir/45.522213,6.007821/45.512466,6.002351"
233,CHIGNIN BRETELLE,exit,False,FAIL_BLOCK,A 43; E 70; E 712; A 43; E 70,37447.8,"45.522213,6.007821 (name)","https://www.google.com/maps/dir/45.512466,6.002351/45.522213,6.007821"
235,Choisey,exit,True,FAIL_BLOCK,A 39; A 391,28920.9,"47.062176,5.453585 (name)","https://www.google.com/maps/dir/47.067801,5.438388/47.062176,5.453585"
236,Cholet nord,entry,True,FAIL_BLOCK,A 87,5359.9,"47.036408,-0.875399 (name)","https://www.google.com/maps/dir/47.036408,-0.875399/47.086301,-0.824181"
236,Cholet nord,exit,True,FAIL_BLOCK,A 87,63975.8,"47.036408,-0.875399 (name)","https://www.google.com/maps/dir/47.086301,-0.824181/47.036408,-0.875399"
237,CHOLET SUD,entry,True,FAIL_BLOCK,A 87,9902.9,"47.036408,-0.875399 (name)","https://www.google.com/maps/dir/47.036408,-0.875399/47.016113,-0.878200"
237,CHOLET SUD,exit,True,FAIL_BLOCK,A 87,54802.6,"47.036408,-0.875399 (name)","https://www.google.com/maps/dir/47.016113,-0.878200/47.036408,-0.875399"
240,CLERMONT-BARRIERE,entry,True,FAIL_BLOCK,A 71; A 89; E 11; E 70,7020.1,"45.786671,3.107055 (name)","https://www.google.com/maps/dir/45.786671,3.107055/45.840494,3.160450"
240,CLERMONT-BARRIERE,exit,True,FAIL_BLOCK,A 71; E 11,3642.4,"45.786671,3.107055 (name)","https://www.google.com/maps/dir/45.840494,3.160450/45.786671,3.107055"
241,Clermont-en-Argonne,exit,False,FAIL_BLOCK,A 4; E 50,14051.7,"49.117503,5.099990 (name)","https://www.google.com/maps/dir/49.094442,5.101665/49.117503,5.099990"
52,ARGENTAN OUEST,exit,False,FAIL_SHORT,A 88,470.7,"48.729955,-0.013024 (name)","https://www.google.com/maps/dir/48.657152,0.087589/48.729955,-0.013024"
65,Auriol,exit,False,FAIL_SHORT,A 520,185.1,"43.360892,5.647170 (name)","https://www.google.com/maps/dir/43.366917,5.643613/43.360892,5.647170"
149,BOULOGNE SUD,entry,True,FAIL_SHORT,A 16,386.5,"50.726334,1.607492 (name)","https://www.google.com/maps/dir/50.726334,1.607492/50.676281,1.662265"
134,Biriatou,exit,False,ESCALATED_PASS,,0.0,"43.334883,-1.743402 (name)","https://www.google.com/maps/dir/43.340527,-1.750857/43.334883,-1.743402"
1,A 20 limite de concession,entry,False,NO_ORIGIN,,0.0,,"https://www.google.com/maps/dir/45.284023,1.616963/45.284023,1.616963"
1,A 20 limite de concession,exit,False,NO_ORIGIN,,0.0,,"https://www.google.com/maps/dir/45.284023,1.616963/45.284023,1.616963"
9,Aigrefeuille,entry,True,NO_ORIGIN,,0.0,,"https://www.google.com/maps/dir/47.072281,-1.437674/47.072281,-1.437674"
9,Aigrefeuille,exit,True,NO_ORIGIN,,0.0,,"https://www.google.com/maps/dir/47.072281,-1.437674/47.072281,-1.437674"
16,Aix (A51),entry,True,NO_ORIGIN,,0.0,,"https://www.google.com/maps/dir/43.621309,5.493337/43.621309,5.493337"
16,Aix (A51),exit,True,NO_ORIGIN,,0.0,,"https://www.google.com/maps/dir/43.621309,5.493337/43.621309,5.493337"
17,"Aix (A57,A50,A52,A8)",entry,False,NO_ORIGIN,,0.0,,"https://www.google.com/maps/dir/43.553021,5.238613/43.553021,5.238613"
17,"Aix (A57,A50,A52,A8)",exit,False,NO_ORIGIN,,0.0,,"https://www.google.com/maps/dir/43.553021,5.238613/43.553021,5.238613"
18,AIX NORD,entry,False,NO_ORIGIN,,0.0,,"https://www.google.com/maps/dir/45.716597,5.922145/45.716597,5.922145"
18,AIX NORD,exit,False,NO_ORIGIN,,0.0,,"https://www.google.com/maps/dir/45.716597,5.922145/45.716597,5.922145"
19,Aix ouest,entry,False,NO_ORIGIN,,0.0,,"https://www.google.com/maps/dir/43.527450,5.400842/43.527450,5.400842"
19,Aix ouest,exit,False,NO_ORIGIN,,0.0,,"https://www.google.com/maps/dir/43.527450,5.400842/43.527450,5.400842"
20,AIX SUD,entry,False,NO_ORIGIN,,0.0,,"https://www.google.com/maps/dir/45.653646,5.921586/45.653646,5.921586"
20,AIX SUD,exit,False,NO_ORIGIN,,0.0,,"https://www.google.com/maps/dir/45.653646,5.921586/45.653646,5.921586"
21,ALBERT,entry,True,NO_ORIGIN,,0.0,,"https://www.google.com/maps/dir/49.969820,2.861545/49.969820,2.861545"
21,ALBERT,exit,True,NO_ORIGIN,,0.0,,"https://www.google.com/maps/dir/49.969820,2.861545/49.969820,2.861545"
27,ALLAINES,entry,True,NO_ORIGIN,,0.0,,"https://www.google.com/maps/dir/48.203531,1.849611/48.203531,1.849611"
27,ALLAINES,exit,True,NO_ORIGIN,,0.0,,"https://www.google.com/maps/dir/48.203531,1.849611/48.203531,1.849611"
34,AMBOISE CH.RENAULT,entry,False,NO_ORIGIN,,0.0,,"https://www.google.com/maps/dir/47.542897,0.984771/47.542897,0.984771"
34,AMBOISE CH.RENAULT,exit,False,NO_ORIGIN,,0.0,,"https://www.google.com/maps/dir/47.542897,0.984771/47.542897,0.984771"
36,AMIENS EST (péage de Jules Verne),entry,False,NO_ORIGIN,,0.0,,"https://www.google.com/maps/dir/49.858968,2.395566/49.858968,2.395566"
36,AMIENS EST (péage de Jules Verne),exit,False,NO_ORIGIN,,0.0,,"https://www.google.com/maps/dir/49.858968,2.395566/49.858968,2.395566"
39,AMIENS SUD (péage de Dury),entry,False,NO_ORIGIN,,0.0,,"https://www.google.com/maps/dir/49.853397,2.249258/49.853397,2.249258"
39,AMIENS SUD (péage de Dury),exit,False,NO_ORIGIN,,0.0,,"https://www.google.com/maps/dir/49.853397,2.249258/49.853397,2.249258"
43,ANGERS,entry,True,NO_ORIGIN,,0.0,,"https://www.google.com/maps/dir/47.400840,-1.194432/47.400840,-1.194432"
43,ANGERS,exit,True,NO_ORIGIN,,0.0,,"https://www.google.com/maps/dir/47.400840,-1.194432/47.400840,-1.194432"
44,ANGERS,entry,False,NO_ORIGIN,,0.0,,"https://www.google.com/maps/dir/47.434183,-0.812660/47.434183,-0.812660"
44,ANGERS,exit,False,NO_ORIGIN,,0.0,,"https://www.google.com/maps/dir/47.434183,-0.812660/47.434183,-0.812660"
47,ANGERS (CORZE),entry,True,NO_ORIGIN,,0.0,,"https://www.google.com/maps/dir/47.539461,-0.341261/47.539461,-0.341261"
47,ANGERS (CORZE),exit,True,NO_ORIGIN,,0.0,,"https://www.google.com/maps/dir/47.539461,-0.341261/47.539461,-0.341261"
51,ARGENTAN,entry,False,NO_ORIGIN,,0.0,,"https://www.google.com/maps/dir/48.633007,0.190890/48.633007,0.190890"
51,ARGENTAN,exit,False,NO_ORIGIN,,0.0,,"https://www.google.com/maps/dir/48.633007,0.190890/48.633007,0.190890"
53,ARGENTAN SUD,entry,False,NO_ORIGIN,,0.0,,"https://www.google.com/maps/dir/48.875171,-0.192225/48.875171,-0.192225"
53,ARGENTAN SUD,exit,False,NO_ORIGIN,,0.0,,"https://www.google.com/maps/dir/48.875171,-0.192225/48.875171,-0.192225"
54,Ariège,entry,False,NO_ORIGIN,,0.0,,"https://www.google.com/maps/dir/43.154150,1.615708/43.154150,1.615708"
54,Ariège,exit,False,NO_ORIGIN,,0.0,,"https://www.google.com/maps/dir/43.154150,1.615708/43.154150,1.615708"
60,ATHIES,entry,True,NO_ORIGIN,,0.0,,"https://www.google.com/maps/dir/49.837805,2.987637/49.837805,2.987637"
60,ATHIES,exit,True,NO_ORIGIN,,0.0,,"https://www.google.com/maps/dir/49.837805,2.987637/49.837805,2.987637"
62,Auberives (accès nord/sud uniquement),entry,True,NO_ORIGIN,,0.0,,"https://www.google.com/maps/dir/45.388849,4.805644/45.388849,4.805644"
62,Auberives (accès nord/sud uniquement),exit,True,NO_ORIGIN,,0.0,,"https://www.google.com/maps/dir/45.388849,4.805644/45.388849,4.805644"
66,Auvours,entry,True,NO_ORIGIN,,0.0,,"https://www.google.com/maps/dir/48.001009,0.314168/48.001009,0.314168"
66,Auvours,exit,True,NO_ORIGIN,,0.0,,"https://www.google.com/maps/dir/48.001009,0.314168/48.001009,0.314168"
67,AUVOURS (LE MANS ZI SUD),entry,True,NO_ORIGIN,,0.0,,"https://www.google.com/maps/dir/48.001009,0.314168/48.001009,0.314168"
67,AUVOURS (LE MANS ZI SUD),exit,True,NO_ORIGIN,,0.0,,"https://www.google.com/maps/dir/48.001009,0.314168/48.001009,0.314168"
81,Barriere de peage du Roumois A13,entry,True,NO_ORIGIN,,0.0,,"https://www.google.com/maps/dir/49.352663,0.835203/49.352663,0.835203"
81,Barriere de peage du Roumois A13,exit,True,NO_ORIGIN,,0.0,,"https://www.google.com/maps/dir/49.352663,0.835203/49.352663,0.835203"
87,Bd d’Estienne d’Orves,entry,False,NO_ORIGIN,,0.0,,"https://www.google.com/maps/dir/47.083405,-0.828160/47.083405,-0.828160"
87,Bd d’Estienne d’Orves,exit,False,NO_ORIGIN,,0.0,,"https://www.google.com/maps/dir/47.083405,-0.828160/47.083405,-0.828160"
90,BEAULIEU,entry,True,NO_ORIGIN,,0.0,,"https://www.google.com/maps/dir/47.326526,-0.604248/47.326526,-0.604248"
90,BEAULIEU,exit,True,NO_ORIGIN,,0.0,,"https://www.google.com/maps/dir/47.326526,-0.604248/47.326526,-0.604248"
92,Péage de Beaumont,entry,True,NO_ORIGIN,,0.0,,"https://www.google.com/maps/dir/49.199224,5.924912/49.199224,5.924912"
92,Péage de Beaumont,exit,True,NO_ORIGIN,,0.0,,"https://www.google.com/maps/dir/49.199224,5.924912/49.199224,5.924912"
93,BEAUMONT,entry,True,NO_ORIGIN,,0.0,,"https://www.google.com/maps/dir/49.199224,5.924912/49.199224,5.924912"
93,BEAUMONT,exit,True,NO_ORIGIN,,0.0,,"https://www.google.com/maps/dir/49.199224,5.924912/49.199224,5.924912"
98,BEAUPREAU-SAINT GERMAIN,entry,False,NO_ORIGIN,,0.0,,"https://www.google.com/maps/dir/47.434183,-0.812660/47.434183,-0.812660"
98,BEAUPREAU-SAINT GERMAIN,exit,False,NO_ORIGIN,,0.0,,"https://www.google.com/maps/dir/47.434183,-0.812660/47.434183,-0.812660"
99,Beaurepaire,entry,False,NO_ORIGIN,,0.0,,"https://www.google.com/maps/dir/46.664826,5.423175/46.664826,5.423175"
99,Beaurepaire,exit,False,NO_ORIGIN,,0.0,,"https://www.google.com/maps/dir/46.664826,5.423175/46.664826,5.423175"
100,Beausoleil,entry,False,NO_ORIGIN,,0.0,,"https://www.google.com/maps/dir/44.001316,1.371970/44.001316,1.371970"
100,Beausoleil,exit,False,NO_ORIGIN,,0.0,,"https://www.google.com/maps/dir/44.001316,1.371970/44.001316,1.371970"
106,Belin Beliet,entry,False,NO_ORIGIN,,0.0,,"https://www.google.com/maps/dir/43.903391,-1.127676/43.903391,-1.127676"
106,Belin Beliet,exit,False,NO_ORIGIN,,0.0,,"https://www.google.com/maps/dir/43.903391,-1.127676/43.903391,-1.127676"
108,Bellegard,entry,True,NO_ORIGIN,,0.0,,"https://www.google.com/maps/dir/46.139534,5.795181/46.139534,5.795181"
108,Bellegard,exit,True,NO_ORIGIN,,0.0,,"https://www.google.com/maps/dir/46.139534,5.795181/46.139534,5.795181"
109,Bellegarde,entry,True,NO_ORIGIN,,0.0,,"https://www.google.com/maps/dir/46.119798,5.797400/46.119798,5.797400"
109,Bellegarde,exit,True,NO_ORIGIN,,0.0,,"https://www.google.com/maps/dir/46.119798,5.797400/46.119798,5.797400"
110,BELLEVILLE S/SAONE,entry,False,NO_ORIGIN,,0.0,,"https://www.google.com/maps/dir/46.103802,4.750107/46.103802,4.750107"
110,BELLEVILLE S/SAONE,exit,False,NO_ORIGIN,,0.0,,"https://www.google.com/maps/dir/46.103802,4.750107/46.103802,4.750107"
111,BELLEVILLE SUR SAONE,entry,True,NO_ORIGIN,,0.0,,"https://www.google.com/maps/dir/46.100953,4.751220/46.100953,4.751220"
111,BELLEVILLE SUR SAONE,exit,True,NO_ORIGIN,,0.0,,"https://www.google.com/maps/dir/46.100953,4.751220/46.100953,4.751220"
112,Péage de Bénesse-Marenne,entry,True,NO_ORIGIN,,0.0,,"https://www.google.com/maps/dir/43.623873,-1.400393/43.623873,-1.400393"
112,Péage de Bénesse-Marenne,exit,True,NO_ORIGIN,,0.0,,"https://www.google.com/maps/dir/43.623873,-1.400393/43.623873,-1.400393"
126,Péage de Béziers-Cabrials,entry,False,NO_ORIGIN,,0.0,,"https://www.google.com/maps/dir/43.344077,3.287496/43.344077,3.287496"
126,Péage de Béziers-Cabrials,exit,False,NO_ORIGIN,,0.0,,"https://www.google.com/maps/dir/43.344077,3.287496/43.344077,3.287496"
128,Biarritz (demi-échangeur nord),entry,False,NO_ORIGIN,,0.0,,"https://www.google.com/maps/dir/43.450466,-1.554455/43.450466,-1.554455"
128,Biarritz (demi-échangeur nord),exit,False,NO_ORIGIN,,0.0,,"https://www.google.com/maps/dir/43.450466,-1.554455/43.450466,-1.554455"
129,Biarritz (demi-échangeur sud),entry,True,NO_ORIGIN,,0.0,,"https://www.google.com/maps/dir/43.448375,-1.553141/43.448375,-1.553141"
129,Biarritz (demi-échangeur sud),exit,True,NO_ORIGIN,,0.0,,"https://www.google.com/maps/dir/43.448375,-1.553141/43.448375,-1.553141"
131,Bifurcation A46S/A43 vers A43 ou A46,entry,False,NO_ORIGIN,,0.0,,"https://www.google.com/maps/dir/45.702884,4.966142/45.702884,4.966142"
131,Bifurcation A46S/A43 vers A43 ou A46,exit,False,NO_ORIGIN,,0.0,,"https://www.google.com/maps/dir/45.702884,4.966142/45.702884,4.966142"
132,Bifurcation A46S/A7/A47 vers Lyon ou St-Étienne,entry,False,NO_ORIGIN,,0.0,,"https://www.google.com/maps/dir/45.588817,4.800826/45.588817,4.800826"
132,Bifurcation A46S/A7/A47 vers Lyon ou St-Étienne,exit,False,NO_ORIGIN,,0.0,,"https://www.google.com/maps/dir/45.588817,4.800826/45.588817,4.800826"
136,Blaye,entry,True,NO_ORIGIN,,0.0,,"https://www.google.com/maps/dir/46.840241,0.525397/46.840241,0.525397"
136,Blaye,exit,True,NO_ORIGIN,,0.0,,"https://www.google.com/maps/dir/46.840241,0.525397/46.840241,0.525397"
144,Bordeaux/Arcachon,entry,True,NO_ORIGIN,,0.0,,"https://www.google.com/maps/dir/44.346975,-0.859966/44.346975,-0.859966"
144,Bordeaux/Arcachon,exit,True,NO_ORIGIN,,0.0,,"https://www.google.com/maps/dir/44.346975,-0.859966/44.346975,-0.859966"
145,Bordeaux limite de concession,entry,True,NO_ORIGIN,,0.0,,"https://www.google.com/maps/dir/44.885151,-0.268819/44.885151,-0.268819"
145,Bordeaux limite de concession,exit,True,NO_ORIGIN,,0.0,,"https://www.google.com/maps/dir/44.885151,-0.268819/44.885151,-0.268819"
146,Borderouge,entry,False,NO_ORIGIN,,0.0,,"https://www.google.com/maps/dir/43.646709,1.453844/43.646709,1.453844"
146,Borderouge,exit,False,NO_ORIGIN,,0.0,,"https://www.google.com/maps/dir/43.646709,1.453844/43.646709,1.453844"
148,BOULOGNE EST (péage d'Herquelingue),entry,False,NO_ORIGIN,,0.0,,"https://www.google.com/maps/dir/50.688913,1.642025/50.688913,1.642025"
148,BOULOGNE EST (péage d'Herquelingue),exit,False,NO_ORIGIN,,0.0,,"https://www.google.com/maps/dir/50.688913,1.642025/50.688913,1.642025"
151,Bourg nord,entry,True,NO_ORIGIN,,0.0,,"https://www.google.com/maps/dir/46.261725,5.164218/46.261725,5.164218"
151,Bourg nord,exit,True,NO_ORIGIN,,0.0,,"https://www.google.com/maps/dir/46.261725,5.164218/46.261725,5.164218"
152,Bourg sud,entry,True,NO_ORIGIN,,0.0,,"https://www.google.com/maps/dir/46.146053,5.291267/46.146053,5.291267"
152,Bourg sud,exit,True,NO_ORIGIN,,0.0,,"https://www.google.com/maps/dir/46.146053,5.291267/46.146053,5.291267"
154,BOURGES (LIM.CONC.),entry,True,NO_ORIGIN,,0.0,,"https://www.google.com/maps/dir/47.044046,2.342023/47.044046,2.342023"
154,BOURGES (LIM.CONC.),exit,True,NO_ORIGIN,,0.0,,"https://www.google.com/maps/dir/47.044046,2.342023/47.044046,2.342023"
161,Bretelle de Verfeil,entry,False,NO_ORIGIN,,0.0,,"https://www.google.com/maps/dir/43.632682,1.468565/43.632682,1.468565"
161,Bretelle de Verfeil,exit,False,NO_ORIGIN,,0.0,,"https://www.google.com/maps/dir/43.632682,1.468565/43.632682,1.468565"
167,Brive ouest,entry,False,NO_ORIGIN,,0.0,,"https://www.google.com/maps/dir/45.172633,1.469809/45.172633,1.469809"
167,Brive ouest,exit,False,NO_ORIGIN,,0.0,,"https://www.google.com/maps/dir/45.172633,1.469809/45.172633,1.469809"
173,Cagnes-est,entry,False,NO_ORIGIN,,0.0,,"https://www.google.com/maps/dir/43.660622,7.152988/43.660622,7.152988"
173,Cagnes-est,exit,False,NO_ORIGIN,,0.0,,"https://www.google.com/maps/dir/43.660622,7.152988/43.660622,7.152988"
177,CALAIS (péage de Setques),entry,False,NO_ORIGIN,,0.0,,"https://www.google.com/maps/dir/50.718942,2.172694/50.718942,2.172694"
177,CALAIS (péage de Setques),exit,False,NO_ORIGIN,,0.0,,"https://www.google.com/maps/dir/50.718942,2.172694/50.718942,2.172694"
179,Cannet-de-Meyreuil,entry,True,NO_ORIGIN,,0.0,,"https://www.google.com/maps/dir/43.491075,5.531367/43.491075,5.531367"
179,Cannet-de-Meyreuil,exit,True,NO_ORIGIN,,0.0,,"https://www.google.com/maps/dir/43.491075,5.531367/43.491075,5.531367"
180,Cap de Pin,entry,True,NO_ORIGIN,,0.0,,"https://www.google.com/maps/dir/44.144865,-0.970998/44.144865,-0.970998"
180,Cap de Pin,exit,True,NO_ORIGIN,,0.0,,"https://www.google.com/maps/dir/44.144865,-0.970998/44.144865,-0.970998"
181,Cap de Pin,entry,False,NO_ORIGIN,,0.0,,"https://www.google.com/maps/dir/44.146805,-0.967500/44.146805,-0.967500"
181,Cap de Pin,exit,False,NO_ORIGIN,,0.0,,"https://www.google.com/maps/dir/44.146805,-0.967500/44.146805,-0.967500"
182,Capbreton (demi-échangeur nord),entry,True,NO_ORIGIN,,0.0,,"https://www.google.com/maps/dir/43.629086,-1.394787/43.629086,-1.394787"
182,Capbreton (demi-échangeur nord),exit,True,NO_ORIGIN,,0.0,,"https://www.google.com/maps/dir/43.629086,-1.394787/43.629086,-1.394787"
183,Capbreton (demi-échangeur sud),entry,True,NO_ORIGIN,,0.0,,"https://www.google.com/maps/dir/43.629086,-1.394787/43.629086,-1.394787"
183,Capbreton (demi-échangeur sud),exit,True,NO_ORIGIN,,0.0,,"https://www.google.com/maps/dir/43.629086,-1.394787/43.629086,-1.394787"
198,Chalon centre,entry,True,NO_ORIGIN,,0.0,,"https://www.google.com/maps/dir/46.804451,4.825561/46.804451,4.825561"
198,Chalon centre,exit,True,NO_ORIGIN,,0.0,,"https://www.google.com/maps/dir/46.804451,4.825561/46.804451,4.825561"
199,CHALON NORD,entry,True,NO_ORIGIN,,0.0,,"https://www.google.com/maps/dir/46.834928,4.831998/46.834928,4.831998"
199,CHALON NORD,exit,True,NO_ORIGIN,,0.0,,"https://www.google.com/maps/dir/46.834928,4.831998/46.834928,4.831998"
200,Chalon sud,entry,True,NO_ORIGIN,,0.0,,"https://www.google.com/maps/dir/46.749621,4.832193/46.749621,4.832193"
200,Chalon sud,exit,True,NO_ORIGIN,,0.0,,"https://www.google.com/maps/dir/46.749621,4.832193/46.749621,4.832193"
203,CHALONS MOURMELON,entry,True,NO_ORIGIN,,0.0,,"https://www.google.com/maps/dir/49.055408,4.285974/49.055408,4.285974"
203,CHALONS MOURMELON,exit,True,NO_ORIGIN,,0.0,,"https://www.google.com/maps/dir/49.055408,4.285974/49.055408,4.285974"
206,CHAMBRAY,entry,False,NO_ORIGIN,,0.0,,"https://www.google.com/maps/dir/47.346529,0.702002/47.346529,0.702002"
206,CHAMBRAY,exit,False,NO_ORIGIN,,0.0,,"https://www.google.com/maps/dir/47.346529,0.702002/47.346529,0.702002"
209,CHARMONT,entry,True,NO_ORIGIN,,0.0,,"https://www.google.com/maps/dir/48.412740,4.146532/48.412740,4.146532"
209,CHARMONT,exit,True,NO_ORIGIN,,0.0,,"https://www.google.com/maps/dir/48.412740,4.146532/48.412740,4.146532"
210,CHARMONT (LIM.CONC),entry,True,NO_ORIGIN,,0.0,,"https://www.google.com/maps/dir/48.410168,4.143439/48.410168,4.143439"
210,CHARMONT (LIM.CONC),exit,True,NO_ORIGIN,,0.0,,"https://www.google.com/maps/dir/48.410168,4.143439/48.410168,4.143439"
216,CHATEAU DU LOIR (MONTABON),entry,True,NO_ORIGIN,,0.0,,"https://www.google.com/maps/dir/47.688435,0.364405/47.688435,0.364405"
216,CHATEAU DU LOIR (MONTABON),exit,True,NO_ORIGIN,,0.0,,"https://www.google.com/maps/dir/47.688435,0.364405/47.688435,0.364405"
221,CHATENOIS,entry,False,NO_ORIGIN,,0.0,,"https://www.google.com/maps/dir/48.301092,5.857325/48.301092,5.857325"
221,CHATENOIS,exit,False,NO_ORIGIN,,0.0,,"https://www.google.com/maps/dir/48.301092,5.857325/48.301092,5.857325"
222,Chatenois sud,entry,False,NO_ORIGIN,,0.0,,"https://www.google.com/maps/dir/48.301092,5.857325/48.301092,5.857325"
222,Chatenois sud,exit,False,NO_ORIGIN,,0.0,,"https://www.google.com/maps/dir/48.301092,5.857325/48.301092,5.857325"
225,CHAUFOUR,entry,False,NO_ORIGIN,,0.0,,"https://www.google.com/maps/dir/49.022344,1.501505/49.022344,1.501505"
225,CHAUFOUR,exit,False,NO_ORIGIN,,0.0,,"https://www.google.com/maps/dir/49.022344,1.501505/49.022344,1.501505"
226,Chaumes,entry,False,NO_ORIGIN,,0.0,,"https://www.google.com/maps/dir/44.006327,1.382701/44.006327,1.382701"
226,Chaumes,exit,False,NO_ORIGIN,,0.0,,"https://www.google.com/maps/dir/44.006327,1.382701/44.006327,1.382701"
230,CHENARD,entry,False,NO_ORIGIN,,0.0,,"https://www.google.com/maps/dir/49.367710,0.221353/49.367710,0.221353"
230,CHENARD,exit,False,NO_ORIGIN,,0.0,,"https://www.google.com/maps/dir/49.367710,0.221353/49.367710,0.221353"
231,CHESNES,entry,False,NO_ORIGIN,,0.0,,"https://www.google.com/maps/dir/45.655571,5.097979/45.655571,5.097979"
231,CHESNES,exit,False,NO_ORIGIN,,0.0,,"https://www.google.com/maps/dir/45.655571,5.097979/45.655571,5.097979"
234,Chignin Les Marches,entry,False,NO_ORIGIN,,0.0,,"https://www.google.com/maps/dir/45.511286,6.005174/45.511286,6.005174"
234,Chignin Les Marches,exit,False,NO_ORIGIN,,0.0,,"https://www.google.com/maps/dir/45.511286,6.005174/45.511286,6.005174"
238,Péage de Clermont,entry,True,NO_ORIGIN,,0.0,,"https://www.google.com/maps/dir/45.840494,3.160450/45.840494,3.160450"
238,Péage de Clermont,exit,True,NO_ORIGIN,,0.0,,"https://www.google.com/maps/dir/45.840494,3.160450/45.840494,3.160450"
239,CLERMONT,entry,True,NO_ORIGIN,,0.0,,"https://www.google.com/maps/dir/45.840494,3.160450/45.840494,3.160450"
239,CLERMONT,exit,True,NO_ORIGIN,,0.0,,"https://www.google.com/maps/dir/45.840494,3.160450/45.840494,3.160450"
242,CLERMONT-EN-ARGONNE,entry,True,NO_ORIGIN,,0.0,,"https://www.google.com/maps/dir/49.091624,5.102008/49.091624,5.102008"
242,CLERMONT-EN-ARGONNE,exit,True,NO_ORIGIN,,0.0,,"https://www.google.com/maps/dir/49.091624,5.102008/49.091624,5.102008"
243,Clermont-Ferrand limite de concession,entry,True,NO_ORIGIN,,0.0,,"https://www.google.com/maps/dir/45.828133,3.241193/45.828133,3.241193"
243,Clermont-Ferrand limite de concession,exit,True,NO_ORIGIN,,0.0,,"https://www.google.com/maps/dir/45.828133,3.241193/45.828133,3.241193"
244,Cluses,entry,False,NO_ORIGIN,,0.0,,"https://www.google.com/maps/dir/46.064292,6.576290/46.064292,6.576290"
244,Cluses,exit,False,NO_ORIGIN,,0.0,,"https://www.google.com/maps/dir/46.064292,6.576290/46.064292,6.576290"
245,Cluses centre,entry,False,NO_ORIGIN,,0.0,,"https://www.google.com/maps/dir/46.047157,6.596680/46.047157,6.596680"
245,Cluses centre,exit,False,NO_ORIGIN,,0.0,,"https://www.google.com/maps/dir/46.047157,6.596680/46.047157,6.596680"
246,Colombey-les-Belles,entry,True,NO_ORIGIN,,0.0,,"https://www.google.com/maps/dir/48.536767,5.906056/48.536767,5.906056"
246,Colombey-les-Belles,exit,True,NO_ORIGIN,,0.0,,"https://www.google.com/maps/dir/48.536767,5.906056/48.536767,5.906056"
247,Combronde,entry,True,NO_ORIGIN,,0.0,,"https://www.google.com/maps/dir/45.995182,3.109247/45.995182,3.109247"
247,Combronde,exit,True,NO_ORIGIN,,0.0,,"https://www.google.com/maps/dir/45.995182,3.109247/45.995182,3.109247"
248,Communay,entry,False,NO_ORIGIN,,0.0,,"https://www.google.com/maps/dir/45.597836,4.852461/45.597836,4.852461"
248,Communay,exit,False,NO_ORIGIN,,0.0,,"https://www.google.com/maps/dir/45.597836,4.852461/45.597836,4.852461"
249,COMPIÈGNE OUEST,entry,True,NO_ORIGIN,,0.0,,"https://www.google.com/maps/dir/49.395080,2.697956/49.395080,2.697956"
249,COMPIÈGNE OUEST,exit,True,NO_ORIGIN,,0.0,,"https://www.google.com/maps/dir/49.395080,2.697956/49.395080,2.697956"
250,Condrieu,entry,False,NO_ORIGIN,,0.0,,"https://www.google.com/maps/dir/45.506633,4.842123/45.506633,4.842123"
250,Condrieu,exit,False,NO_ORIGIN,,0.0,,"https://www.google.com/maps/dir/45.506633,4.842123/45.506633,4.842123"
251,Connerré,entry,True,NO_ORIGIN,,0.0,,"https://www.google.com/maps/dir/48.076153,0.475650/48.076153,0.475650"
251,Connerré,exit,True,NO_ORIGIN,,0.0,,"https://www.google.com/maps/dir/48.076153,0.475650/48.076153,0.475650"
252,CONNERRE,entry,True,NO_ORIGIN,,0.0,,"https://www.google.com/maps/dir/48.076153,0.475650/48.076153,0.475650"
252,CONNERRE,exit,True,NO_ORIGIN,,0.0,,"https://www.google.com/maps/dir/48.076153,0.475650/48.076153,0.475650"
253,Péage de Corzé,entry,True,NO_ORIGIN,,0.0,,"https://www.google.com/maps/dir/47.539461,-0.341261/47.539461,-0.341261"
253,Péage de Corzé,exit,True,NO_ORIGIN,,0.0,,"https://www.google.com/maps/dir/47.539461,-0.341261/47.539461,-0.341261"
254,Coudoux,entry,True,NO_ORIGIN,,0.0,,"https://www.google.com/maps/dir/43.552317,5.247027/43.552317,5.247027"
254,Coudoux,exit,True,NO_ORIGIN,,0.0,,"https://www.google.com/maps/dir/43.552317,5.247027/43.552317,5.247027"
255,Courtenay,entry,True,NO_ORIGIN,,0.0,,"https://www.google.com/maps/dir/48.052040,3.104473/48.052040,3.104473"
255,Courtenay,exit,True,NO_ORIGIN,,0.0,,"https://www.google.com/maps/dir/48.052040,3.104473/48.052040,3.104473"
256,COUTEVROULT,entry,False,NO_ORIGIN,,0.0,,"https://www.google.com/maps/dir/48.863191,2.847284/48.863191,2.847284"
256,COUTEVROULT,exit,False,NO_ORIGIN,,0.0,,"https://www.google.com/maps/dir/48.863191,2.847284/48.863191,2.847284"
257,Coutras,entry,True,NO_ORIGIN,,0.0,,"https://www.google.com/maps/dir/45.009140,-0.094365/45.009140,-0.094365"
257,Coutras,exit,True,NO_ORIGIN,,0.0,,"https://www.google.com/maps/dir/45.009140,-0.094365/45.009140,-0.094365"
258,CRIMOLOIS,entry,True,NO_ORIGIN,,0.0,,"https://www.google.com/maps/dir/47.276836,5.138784/47.276836,5.138784"
258,CRIMOLOIS,exit,True,NO_ORIGIN,,0.0,,"https://www.google.com/maps/dir/47.276836,5.138784/47.276836,5.138784"
259,Crolles Barrière,entry,False,NO_ORIGIN,,0.0,,"https://www.google.com/maps/dir/45.267486,5.896130/45.267486,5.896130"
259,Crolles Barrière,exit,False,NO_ORIGIN,,0.0,,"https://www.google.com/maps/dir/45.267486,5.896130/45.267486,5.896130"
260,Crolles Brignoud,entry,True,NO_ORIGIN,,0.0,,"https://www.google.com/maps/dir/45.273593,5.902340/45.273593,5.902340"
260,Crolles Brignoud,exit,True,NO_ORIGIN,,0.0,,"https://www.google.com/maps/dir/45.273593,5.902340/45.273593,5.902340"
261,CROTTET,entry,False,NO_ORIGIN,,0.0,,"https://www.google.com/maps/dir/46.286775,4.870000/46.286775,4.870000"
261,CROTTET,exit,False,NO_ORIGIN,,0.0,,"https://www.google.com/maps/dir/46.286775,4.870000/46.286775,4.870000"
262,CRUSEILLES A 410,entry,False,NO_ORIGIN,,0.0,,"https://www.google.com/maps/dir/45.993371,6.128165/45.993371,6.128165"
262,CRUSEILLES A 410,exit,False,NO_ORIGIN,,0.0,,"https://www.google.com/maps/dir/45.993371,6.128165/45.993371,6.128165"
263,Péage de Deux Chaises,entry,True,NO_ORIGIN,,0.0,,"https://www.google.com/maps/dir/46.370269,3.027906/46.370269,3.027906"
263,Péage de Deux Chaises,exit,True,NO_ORIGIN,,0.0,,"https://www.google.com/maps/dir/46.370269,3.027906/46.370269,3.027906"
264,DEUX-CHAISES,entry,True,NO_ORIGIN,,0.0,,"https://www.google.com/maps/dir/46.370269,3.027906/46.370269,3.027906"
264,DEUX-CHAISES,exit,True,NO_ORIGIN,,0.0,,"https://www.google.com/maps/dir/46.370269,3.027906/46.370269,3.027906"
265,DIJON-ARC S/TILLE,entry,False,NO_ORIGIN,,0.0,,"https://www.google.com/maps/dir/47.344605,5.159227/47.344605,5.159227"
265,DIJON-ARC S/TILLE,exit,False,NO_ORIGIN,,0.0,,"https://www.google.com/maps/dir/47.344605,5.159227/47.344605,5.159227"
266,DIJON-ARC SUR TILLE,entry,True,NO_ORIGIN,,0.0,,"https://www.google.com/maps/dir/47.345971,5.163725/47.345971,5.163725"
266,DIJON-ARC SUR TILLE,exit,True,NO_ORIGIN,,0.0,,"https://www.google.com/maps/dir/47.345971,5.163725/47.345971,5.163725"
267,Péage de Dijon/Crimolois,entry,True,NO_ORIGIN,,0.0,,"https://www.google.com/maps/dir/47.276301,5.139343/47.276301,5.139343"
267,Péage de Dijon/Crimolois,exit,True,NO_ORIGIN,,0.0,,"https://www.google.com/maps/dir/47.276301,5.139343/47.276301,5.139343"
268,Péage de Dijon sud,entry,False,NO_ORIGIN,,0.0,,"https://www.google.com/maps/dir/47.263395,5.034201/47.263395,5.034201"
268,Péage de Dijon sud,exit,False,NO_ORIGIN,,0.0,,"https://www.google.com/maps/dir/47.263395,5.034201/47.263395,5.034201"
269,DIJON SUD,entry,False,NO_ORIGIN,,0.0,,"https://www.google.com/maps/dir/47.263395,5.034201/47.263395,5.034201"
269,DIJON SUD,exit,False,NO_ORIGIN,,0.0,,"https://www.google.com/maps/dir/47.263395,5.034201/47.263395,5.034201"
270,Dôle,entry,True,NO_ORIGIN,,0.0,,"https://www.google.com/maps/dir/47.138097,5.511145/47.138097,5.511145"
270,Dôle,exit,True,NO_ORIGIN,,0.0,,"https://www.google.com/maps/dir/47.138097,5.511145/47.138097,5.511145"
271,DORDIVES,entry,False,NO_ORIGIN,,0.0,,"https://www.google.com/maps/dir/48.172497,2.766182/48.172497,2.766182"
271,DORDIVES,exit,False,NO_ORIGIN,,0.0,,"https://www.google.com/maps/dir/48.172497,2.766182/48.172497,2.766182"
272,Dormans,entry,True,NO_ORIGIN,,0.0,,"https://www.google.com/maps/dir/49.157728,3.721108/49.157728,3.721108"
272,Dormans,exit,True,NO_ORIGIN,,0.0,,"https://www.google.com/maps/dir/49.157728,3.721108/49.157728,3.721108"
273,DOURDAN,entry,True,NO_ORIGIN,,0.0,,"https://www.google.com/maps/dir/48.569120,1.988783/48.569120,1.988783"
273,DOURDAN,exit,True,NO_ORIGIN,,0.0,,"https://www.google.com/maps/dir/48.569120,1.988783/48.569120,1.988783"
274,DOZULÉ,entry,False,NO_ORIGIN,,0.0,,"https://www.google.com/maps/dir/49.230582,-0.071331/49.230582,-0.071331"
274,DOZULÉ,exit,False,NO_ORIGIN,,0.0,,"https://www.google.com/maps/dir/49.230582,-0.071331/49.230582,-0.071331"
275,DRUYE (CANDE),entry,True,NO_ORIGIN,,0.0,,"https://www.google.com/maps/dir/47.307089,0.535579/47.307089,0.535579"
275,DRUYE (CANDE),exit,True,NO_ORIGIN,,0.0,,"https://www.google.com/maps/dir/47.307089,0.535579/47.307089,0.535579"
276,Durtal,entry,False,NO_ORIGIN,,0.0,,"https://www.google.com/maps/dir/47.666967,-0.264794/47.666967,-0.264794"
276,Durtal,exit,False,NO_ORIGIN,,0.0,,"https://www.google.com/maps/dir/47.666967,-0.264794/47.666967,-0.264794"
277,DURTAL,entry,False,NO_ORIGIN,,0.0,,"https://www.google.com/maps/dir/47.666967,-0.264794/47.666967,-0.264794"
277,DURTAL,exit,False,NO_ORIGIN,,0.0,,"https://www.google.com/maps/dir/47.666967,-0.264794/47.666967,-0.264794"
278,Péage d’Argentan,entry,False,NO_ORIGIN,,0.0,,"https://www.google.com/maps/dir/48.633007,0.190890/48.633007,0.190890"
278,Péage d’Argentan,exit,False,NO_ORIGIN,,0.0,,"https://www.google.com/maps/dir/48.633007,0.190890/48.633007,0.190890"
279,Péage d’Arles,entry,True,NO_ORIGIN,,0.0,,"https://www.google.com/maps/dir/43.690280,4.544353/43.690280,4.544353"
279,Péage d’Arles,exit,True,NO_ORIGIN,,0.0,,"https://www.google.com/maps/dir/43.690280,4.544353/43.690280,4.544353"
280,Péage d’Arveyres,entry,True,NO_ORIGIN,,0.0,,"https://www.google.com/maps/dir/44.885109,-0.268818/44.885109,-0.268818"
280,Péage d’Arveyres,exit,True,NO_ORIGIN,,0.0,,"https://www.google.com/maps/dir/44.885109,-0.268818/44.885109,-0.268818"
281,Écommoy,entry,True,NO_ORIGIN,,0.0,,"https://www.google.com/maps/dir/47.820077,0.307144/47.820077,0.307144"
281,Écommoy,exit,True,NO_ORIGIN,,0.0,,"https://www.google.com/maps/dir/47.820077,0.307144/47.820077,0.307144"
282,ECOMMOY,entry,True,NO_ORIGIN,,0.0,,"https://www.google.com/maps/dir/47.820077,0.307144/47.820077,0.307144"
282,ECOMMOY,exit,True,NO_ORIGIN,,0.0,,"https://www.google.com/maps/dir/47.820077,0.307144/47.820077,0.307144"
283,Egletons,entry,True,NO_ORIGIN,,0.0,,"https://www.google.com/maps/dir/45.412153,2.021223/45.412153,2.021223"
283,Egletons,exit,True,NO_ORIGIN,,0.0,,"https://www.google.com/maps/dir/45.412153,2.021223/45.412153,2.021223"
284,EGLETONS,entry,True,NO_ORIGIN,,0.0,,"https://www.google.com/maps/dir/45.412153,2.021223/45.412153,2.021223"
284,EGLETONS,exit,True,NO_ORIGIN,,0.0,,"https://www.google.com/maps/dir/45.412153,2.021223/45.412153,2.021223"
285,ELOISE,entry,True,NO_ORIGIN,,0.0,,"https://www.google.com/maps/dir/46.066734,5.867116/46.066734,5.867116"
285,ELOISE,exit,True,NO_ORIGIN,,0.0,,"https://www.google.com/maps/dir/46.066734,5.867116/46.066734,5.867116"
286,ELOISE / ANNECY,entry,True,NO_ORIGIN,,0.0,,"https://www.google.com/maps/dir/46.066734,5.867116/46.066734,5.867116"
286,ELOISE / ANNECY,exit,True,NO_ORIGIN,,0.0,,"https://www.google.com/maps/dir/46.066734,5.867116/46.066734,5.867116"
287,EPERNAY,entry,True,NO_ORIGIN,,0.0,,"https://www.google.com/maps/dir/49.207501,4.009425/49.207501,4.009425"
287,EPERNAY,exit,True,NO_ORIGIN,,0.0,,"https://www.google.com/maps/dir/49.207501,4.009425/49.207501,4.009425"
288,Péage des Eprunes,entry,False,NO_ORIGIN,,0.0,,"https://www.google.com/maps/dir/48.589634,2.655756/48.589634,2.655756"
288,Péage des Eprunes,exit,False,NO_ORIGIN,,0.0,,"https://www.google.com/maps/dir/48.589634,2.655756/48.589634,2.655756"
289,Escrennes,entry,False,NO_ORIGIN,,0.0,,"https://www.google.com/maps/dir/48.116449,2.191145/48.116449,2.191145"
289,Escrennes,exit,False,NO_ORIGIN,,0.0,,"https://www.google.com/maps/dir/48.116449,2.191145/48.116449,2.191145"
290,ESCRENNES,entry,True,NO_ORIGIN,,0.0,,"https://www.google.com/maps/dir/48.114784,2.195984/48.114784,2.195984"
290,ESCRENNES,exit,True,NO_ORIGIN,,0.0,,"https://www.google.com/maps/dir/48.114784,2.195984/48.114784,2.195984"
291,ESSERTAUX,entry,True,NO_ORIGIN,,0.0,,"https://www.google.com/maps/dir/49.736528,2.234482/49.736528,2.234482"
291,ESSERTAUX,exit,True,NO_ORIGIN,,0.0,,"https://www.google.com/maps/dir/49.736528,2.234482/49.736528,2.234482"
292,ESVRES,entry,True,NO_ORIGIN,,0.0,,"https://www.google.com/maps/dir/47.308508,0.802023/47.308508,0.802023"
292,ESVRES,exit,True,NO_ORIGIN,,0.0,,"https://www.google.com/maps/dir/47.308508,0.802023/47.308508,0.802023"
293,ETAPLES / LE TOUQUET,entry,True,NO_ORIGIN,,0.0,,"https://www.google.com/maps/dir/50.509518,1.683439/50.509518,1.683439"
293,ETAPLES / LE TOUQUET,exit,True,NO_ORIGIN,,0.0,,"https://www.google.com/maps/dir/50.509518,1.683439/50.509518,1.683439"
294,Eurocentre,entry,True,NO_ORIGIN,,0.0,,"https://www.google.com/maps/dir/43.766430,1.385225/43.766430,1.385225"
294,Eurocentre,exit,True,NO_ORIGIN,,0.0,,"https://www.google.com/maps/dir/43.766430,1.385225/43.766430,1.385225"
295,EVRON,entry,True,NO_ORIGIN,,0.0,,"https://www.google.com/maps/dir/48.056219,-0.482688/48.056219,-0.482688"
295,EVRON,exit,True,NO_ORIGIN,,0.0,,"https://www.google.com/maps/dir/48.056219,-0.482688/48.056219,-0.482688"
296,FALAISE OUEST,entry,True,NO_ORIGIN,,0.0,,"https://www.google.com/maps/dir/48.816414,-0.129205/48.816414,-0.129205"
296,FALAISE OUEST,exit,True,NO_ORIGIN,,0.0,,"https://www.google.com/maps/dir/48.816414,-0.129205/48.816414,-0.129205"
297,FALAISE SUD,entry,False,NO_ORIGIN,,0.0,,"https://www.google.com/maps/dir/48.895645,-0.205146/48.895645,-0.205146"
297,FALAISE SUD,exit,False,NO_ORIGIN,,0.0,,"https://www.google.com/maps/dir/48.895645,-0.205146/48.895645,-0.205146"
298,FAREBERSVILLER,entry,False,NO_ORIGIN,,0.0,,"https://www.google.com/maps/dir/49.109731,6.853320/49.109731,6.853320"
298,FAREBERSVILLER,exit,False,NO_ORIGIN,,0.0,,"https://www.google.com/maps/dir/49.109731,6.853320/49.109731,6.853320"
299,FECAMP,entry,True,NO_ORIGIN,,0.0,,"https://www.google.com/maps/dir/49.630838,0.647247/49.630838,0.647247"
299,FECAMP,exit,True,NO_ORIGIN,,0.0,,"https://www.google.com/maps/dir/49.630838,0.647247/49.630838,0.647247"
300,FEILLENS,entry,True,NO_ORIGIN,,0.0,,"https://www.google.com/maps/dir/46.330671,4.878187/46.330671,4.878187"
300,FEILLENS,exit,True,NO_ORIGIN,,0.0,,"https://www.google.com/maps/dir/46.330671,4.878187/46.330671,4.878187"
301,Feurs,entry,True,NO_ORIGIN,,0.0,,"https://www.google.com/maps/dir/45.734165,4.182639/45.734165,4.182639"
301,Feurs,exit,True,NO_ORIGIN,,0.0,,"https://www.google.com/maps/dir/45.734165,4.182639/45.734165,4.182639"
302,Péage de Fleury-en-Bière,entry,False,NO_ORIGIN,,0.0,,"https://www.google.com/maps/dir/48.428563,2.539387/48.428563,2.539387"
302,Péage de Fleury-en-Bière,exit,False,NO_ORIGIN,,0.0,,"https://www.google.com/maps/dir/48.428563,2.539387/48.428563,2.539387"
303,FLEURY-EN-BIERE,entry,False,NO_ORIGIN,,0.0,,"https://www.google.com/maps/dir/48.428563,2.539387/48.428563,2.539387"
303,FLEURY-EN-BIERE,exit,False,NO_ORIGIN,,0.0,,"https://www.google.com/maps/dir/48.428563,2.539387/48.428563,2.539387"
304,FONTAINE-LARIVIERE,entry,True,NO_ORIGIN,,0.0,,"https://www.google.com/maps/dir/47.677133,6.985591/47.677133,6.985591"
304,FONTAINE-LARIVIERE,exit,True,NO_ORIGIN,,0.0,,"https://www.google.com/maps/dir/47.677133,6.985591/47.677133,6.985591"
305,FONTAINEBLEAU,entry,True,NO_ORIGIN,,0.0,,"https://www.google.com/maps/dir/48.288725,2.686788/48.288725,2.686788"
305,FONTAINEBLEAU,exit,True,NO_ORIGIN,,0.0,,"https://www.google.com/maps/dir/48.288725,2.686788/48.288725,2.686788"
306,Fontenay centre,entry,True,NO_ORIGIN,,0.0,,"https://www.google.com/maps/dir/46.433427,-0.819791/46.433427,-0.819791"
306,Fontenay centre,exit,True,NO_ORIGIN,,0.0,,"https://www.google.com/maps/dir/46.433427,-0.819791/46.433427,-0.819791"
307,FONTENAY LE COMTE,entry,True,NO_ORIGIN,,0.0,,"https://www.google.com/maps/dir/46.433427,-0.819791/46.433427,-0.819791"
307,FONTENAY LE COMTE,exit,True,NO_ORIGIN,,0.0,,"https://www.google.com/maps/dir/46.433427,-0.819791/46.433427,-0.819791"
308,FONTENAY /LOING,entry,False,NO_ORIGIN,,0.0,,"https://www.google.com/maps/dir/48.064204,2.767112/48.064204,2.767112"
308,FONTENAY /LOING,exit,False,NO_ORIGIN,,0.0,,"https://www.google.com/maps/dir/48.064204,2.767112/48.064204,2.767112"
309,Fontenay ouest,entry,True,NO_ORIGIN,,0.0,,"https://www.google.com/maps/dir/46.459945,-0.882241/46.459945,-0.882241"
309,Fontenay ouest,exit,True,NO_ORIGIN,,0.0,,"https://www.google.com/maps/dir/46.459945,-0.882241/46.459945,-0.882241"
310,FONTENAY SUR LOING,entry,True,NO_ORIGIN,,0.0,,"https://www.google.com/maps/dir/48.062353,2.768911/48.062353,2.768911"
310,FONTENAY SUR LOING,exit,True,NO_ORIGIN,,0.0,,"https://www.google.com/maps/dir/48.062353,2.768911/48.062353,2.768911"
311,FORET DE TRONCAIS,entry,False,NO_ORIGIN,,0.0,,"https://www.google.com/maps/dir/46.508565,2.631883/46.508565,2.631883"
311,FORET DE TRONCAIS,exit,False,NO_ORIGIN,,0.0,,"https://www.google.com/maps/dir/46.508565,2.631883/46.508565,2.631883"
312,Forges,entry,True,NO_ORIGIN,,0.0,,"https://www.google.com/maps/dir/48.418195,2.943311/48.418195,2.943311"
312,Forges,exit,True,NO_ORIGIN,,0.0,,"https://www.google.com/maps/dir/48.418195,2.943311/48.418195,2.943311"
313,Fort de St-Priest,entry,False,NO_ORIGIN,,0.0,,"https://www.google.com/maps/dir/45.693323,4.968965/45.693323,4.968965"
313,Fort de St-Priest,exit,False,NO_ORIGIN,,0.0,,"https://www.google.com/maps/dir/45.693323,4.968965/45.693323,4.968965"
314,Francazal,entry,False,NO_ORIGIN,,0.0,,"https://www.google.com/maps/dir/43.534777,1.353848/43.534777,1.353848"
314,Francazal,exit,False,NO_ORIGIN,,0.0,,"https://www.google.com/maps/dir/43.534777,1.353848/43.534777,1.353848"
315,Fréjus,entry,False,NO_ORIGIN,,0.0,,"https://www.google.com/maps/dir/43.472907,6.733774/43.472907,6.733774"
315,Fréjus,exit,False,NO_ORIGIN,,0.0,,"https://www.google.com/maps/dir/43.472907,6.733774/43.472907,6.733774"
316,Fresnes-en-Woevre,entry,False,NO_ORIGIN,,0.0,,"https://www.google.com/maps/dir/49.129121,5.621222/49.129121,5.621222"
316,Fresnes-en-Woevre,exit,False,NO_ORIGIN,,0.0,,"https://www.google.com/maps/dir/49.129121,5.621222/49.129121,5.621222"
317,FRESNES EN WOEVRE,entry,True,NO_ORIGIN,,0.0,,"https://www.google.com/maps/dir/49.126408,5.618738/49.126408,5.618738"
317,FRESNES EN WOEVRE,exit,True,NO_ORIGIN,,0.0,,"https://www.google.com/maps/dir/49.126408,5.618738/49.126408,5.618738"
318,FREYMING-MERLEBACH,entry,False,NO_ORIGIN,,0.0,,"https://www.google.com/maps/dir/49.151717,6.802553/49.151717,6.802553"
318,FREYMING-MERLEBACH,exit,False,NO_ORIGIN,,0.0,,"https://www.google.com/maps/dir/49.151717,6.802553/49.151717,6.802553"
319,Frontière Espagnole,entry,True,NO_ORIGIN,,0.0,,"https://www.google.com/maps/dir/42.527588,2.821809/42.527588,2.821809"
319,Frontière Espagnole,exit,True,NO_ORIGIN,,0.0,,"https://www.google.com/maps/dir/42.527588,2.821809/42.527588,2.821809"
320,Futuroscope,entry,True,NO_ORIGIN,,0.0,,"https://www.google.com/maps/dir/46.672884,0.358018/46.672884,0.358018"
320,Futuroscope,exit,True,NO_ORIGIN,,0.0,,"https://www.google.com/maps/dir/46.672884,0.358018/46.672884,0.358018"
321,Gacé,entry,True,NO_ORIGIN,,0.0,,"https://www.google.com/maps/dir/48.774084,0.306642/48.774084,0.306642"
321,Gacé,exit,True,NO_ORIGIN,,0.0,,"https://www.google.com/maps/dir/48.774084,0.306642/48.774084,0.306642"
322,Gacé,entry,True,NO_ORIGIN,,0.0,,"https://www.google.com/maps/dir/48.774213,0.306305/48.774213,0.306305"
322,Gacé,exit,True,NO_ORIGIN,,0.0,,"https://www.google.com/maps/dir/48.774213,0.306305/48.774213,0.306305"
323,GACE,entry,True,NO_ORIGIN,,0.0,,"https://www.google.com/maps/dir/48.774213,0.306305/48.774213,0.306305"
323,GACE,exit,True,NO_ORIGIN,,0.0,,"https://www.google.com/maps/dir/48.774213,0.306305/48.774213,0.306305"
324,Gaillard,entry,False,NO_ORIGIN,,0.0,,"https://www.google.com/maps/dir/46.185793,6.207264/46.185793,6.207264"
324,Gaillard,exit,False,NO_ORIGIN,,0.0,,"https://www.google.com/maps/dir/46.185793,6.207264/46.185793,6.207264"
325,Gallargues,entry,True,NO_ORIGIN,,0.0,,"https://www.google.com/maps/dir/43.727455,4.181689/43.727455,4.181689"
325,Gallargues,exit,True,NO_ORIGIN,,0.0,,"https://www.google.com/maps/dir/43.727455,4.181689/43.727455,4.181689"
326,Péage de Gannat,entry,True,NO_ORIGIN,,0.0,,"https://www.google.com/maps/dir/46.098050,3.135764/46.098050,3.135764"
326,Péage de Gannat,exit,True,NO_ORIGIN,,0.0,,"https://www.google.com/maps/dir/46.098050,3.135764/46.098050,3.135764"
327,GANNAT,entry,True,NO_ORIGIN,,0.0,,"https://www.google.com/maps/dir/46.098050,3.135764/46.098050,3.135764"
327,GANNAT,exit,True,NO_ORIGIN,,0.0,,"https://www.google.com/maps/dir/46.098050,3.135764/46.098050,3.135764"
328,Garlin,entry,True,NO_ORIGIN,,0.0,,"https://www.google.com/maps/dir/43.563981,-0.296202/43.563981,-0.296202"
328,Garlin,exit,True,NO_ORIGIN,,0.0,,"https://www.google.com/maps/dir/43.563981,-0.296202/43.563981,-0.296202"
329,Gatignolle,entry,True,NO_ORIGIN,,0.0,,"https://www.google.com/maps/dir/47.503569,-0.505891/47.503569,-0.505891"
329,Gatignolle,exit,True,NO_ORIGIN,,0.0,,"https://www.google.com/maps/dir/47.503569,-0.505891/47.503569,-0.505891"
330,Gémenos,entry,False,NO_ORIGIN,,0.0,,"https://www.google.com/maps/dir/43.323606,5.597168/43.323606,5.597168"
330,Gémenos,exit,False,NO_ORIGIN,,0.0,,"https://www.google.com/maps/dir/43.323606,5.597168/43.323606,5.597168"
331,Gemil,entry,False,NO_ORIGIN,,0.0,,"https://www.google.com/maps/dir/43.739947,1.590583/43.739947,1.590583"
331,Gemil,exit,False,NO_ORIGIN,,0.0,,"https://www.google.com/maps/dir/43.739947,1.590583/43.739947,1.590583"
332,GENAY,entry,False,NO_ORIGIN,,0.0,,"https://www.google.com/maps/dir/45.900426,4.819268/45.900426,4.819268"
332,GENAY,exit,False,NO_ORIGIN,,0.0,,"https://www.google.com/maps/dir/45.900426,4.819268/45.900426,4.819268"
333,GENDREY,entry,True,NO_ORIGIN,,0.0,,"https://www.google.com/maps/dir/47.186082,5.709417/47.186082,5.709417"
333,GENDREY,exit,True,NO_ORIGIN,,0.0,,"https://www.google.com/maps/dir/47.186082,5.709417/47.186082,5.709417"
334,GERZAT,entry,True,NO_ORIGIN,,0.0,,"https://www.google.com/maps/dir/45.841147,3.160542/45.841147,3.160542"
334,GERZAT,exit,True,NO_ORIGIN,,0.0,,"https://www.google.com/maps/dir/45.841147,3.160542/45.841147,3.160542"
335,GERZAT-VILLE,entry,True,NO_ORIGIN,,0.0,,"https://www.google.com/maps/dir/45.841958,3.160535/45.841958,3.160535"
335,GERZAT-VILLE,exit,True,NO_ORIGIN,,0.0,,"https://www.google.com/maps/dir/45.841958,3.160535/45.841958,3.160535"
336,GIDY,entry,True,NO_ORIGIN,,0.0,,"https://www.google.com/maps/dir/47.969670,1.857637/47.969670,1.857637"
336,GIDY,exit,True,NO_ORIGIN,,0.0,,"https://www.google.com/maps/dir/47.969670,1.857637/47.969670,1.857637"
337,Péage de Gignac,entry,True,NO_ORIGIN,,0.0,,"https://www.google.com/maps/dir/44.993801,1.527433/44.993801,1.527433"
337,Péage de Gignac,exit,True,NO_ORIGIN,,0.0,,"https://www.google.com/maps/dir/44.993801,1.527433/44.993801,1.527433"
338,GONDREVILLE A77/N,entry,True,NO_ORIGIN,,0.0,,"https://www.google.com/maps/dir/48.060800,2.667651/48.060800,2.667651"
338,GONDREVILLE A77/N,exit,True,NO_ORIGIN,,0.0,,"https://www.google.com/maps/dir/48.060800,2.667651/48.060800,2.667651"
339,GONDREVILLE A77/S,entry,True,NO_ORIGIN,,0.0,,"https://www.google.com/maps/dir/48.060800,2.667651/48.060800,2.667651"
339,GONDREVILLE A77/S,exit,True,NO_ORIGIN,,0.0,,"https://www.google.com/maps/dir/48.060800,2.667651/48.060800,2.667651"
340,GONDREVILLE LA FRANCHE NORD,entry,True,NO_ORIGIN,,0.0,,"https://www.google.com/maps/dir/48.060847,2.667665/48.060847,2.667665"
340,GONDREVILLE LA FRANCHE NORD,exit,True,NO_ORIGIN,,0.0,,"https://www.google.com/maps/dir/48.060847,2.667665/48.060847,2.667665"
341,GONDREVILLE LA FRANCHE SUD,entry,True,NO_ORIGIN,,0.0,,"https://www.google.com/maps/dir/48.060847,2.667665/48.060847,2.667665"
341,GONDREVILLE LA FRANCHE SUD,exit,True,NO_ORIGIN,,0.0,,"https://www.google.com/maps/dir/48.060847,2.667665/48.060847,2.667665"
342,Gondreville nord,entry,True,NO_ORIGIN,,0.0,,"https://www.google.com/maps/dir/48.082846,2.465321/48.082846,2.465321"
342,Gondreville nord,exit,True,NO_ORIGIN,,0.0,,"https://www.google.com/maps/dir/48.082846,2.465321/48.082846,2.465321"
343,Gondreville sud,entry,True,NO_ORIGIN,,0.0,,"https://www.google.com/maps/dir/48.082846,2.465321/48.082846,2.465321"
343,Gondreville sud,exit,True,NO_ORIGIN,,0.0,,"https://www.google.com/maps/dir/48.082846,2.465321/48.082846,2.465321"
344,Gragnague,entry,False,NO_ORIGIN,,0.0,,"https://www.google.com/maps/dir/43.683951,1.562426/43.683951,1.562426"
344,Gragnague,exit,False,NO_ORIGIN,,0.0,,"https://www.google.com/maps/dir/43.683951,1.562426/43.683951,1.562426"
345,Grand-Clos,entry,False,NO_ORIGIN,,0.0,,"https://www.google.com/maps/dir/47.395781,-0.525287/47.395781,-0.525287"
345,Grand-Clos,exit,False,NO_ORIGIN,,0.0,,"https://www.google.com/maps/dir/47.395781,-0.525287/47.395781,-0.525287"
346,Grans,entry,True,NO_ORIGIN,,0.0,,"https://www.google.com/maps/dir/43.624609,5.078529/43.624609,5.078529"
346,Grans,exit,True,NO_ORIGIN,,0.0,,"https://www.google.com/maps/dir/43.624609,5.078529/43.624609,5.078529"
347,Péage de Groissiat,entry,False,NO_ORIGIN,,0.0,,"https://www.google.com/maps/dir/46.227136,5.617474/46.227136,5.617474"
347,Péage de Groissiat,exit,False,NO_ORIGIN,,0.0,,"https://www.google.com/maps/dir/46.227136,5.617474/46.227136,5.617474"
348,GROISSIAT,entry,False,NO_ORIGIN,,0.0,,"https://www.google.com/maps/dir/46.227136,5.617474/46.227136,5.617474"
348,GROISSIAT,exit,False,NO_ORIGIN,,0.0,,"https://www.google.com/maps/dir/46.227136,5.617474/46.227136,5.617474"
349,Guiche,entry,False,NO_ORIGIN,,0.0,,"https://www.google.com/maps/dir/43.509253,-1.224286/43.509253,-1.224286"
349,Guiche,exit,False,NO_ORIGIN,,0.0,,"https://www.google.com/maps/dir/43.509253,-1.224286/43.509253,-1.224286"
350,GUIGNICOURT,entry,True,NO_ORIGIN,,0.0,,"https://www.google.com/maps/dir/49.430127,3.930915/49.430127,3.930915"
350,GUIGNICOURT,exit,True,NO_ORIGIN,,0.0,,"https://www.google.com/maps/dir/49.430127,3.930915/49.430127,3.930915"
351,Péage de Gye,entry,False,NO_ORIGIN,,0.0,,"https://www.google.com/maps/dir/48.629487,5.883672/48.629487,5.883672"
351,Péage de Gye,exit,False,NO_ORIGIN,,0.0,,"https://www.google.com/maps/dir/48.629487,5.883672/48.629487,5.883672"
352,GYE,entry,False,NO_ORIGIN,,0.0,,"https://www.google.com/maps/dir/48.629487,5.883672/48.629487,5.883672"
352,GYE,exit,False,NO_ORIGIN,,0.0,,"https://www.google.com/maps/dir/48.629487,5.883672/48.629487,5.883672"
353,Hanipet,entry,False,NO_ORIGIN,,0.0,,"https://www.google.com/maps/dir/47.468161,-0.519351/47.468161,-0.519351"
353,Hanipet,exit,False,NO_ORIGIN,,0.0,,"https://www.google.com/maps/dir/47.468161,-0.519351/47.468161,-0.519351"
354,HARDIVILLERS,entry,True,NO_ORIGIN,,0.0,,"https://www.google.com/maps/dir/49.604149,2.204359/49.604149,2.204359"
354,HARDIVILLERS,exit,True,NO_ORIGIN,,0.0,,"https://www.google.com/maps/dir/49.604149,2.204359/49.604149,2.204359"
355,Haute-Perche,entry,False,NO_ORIGIN,,0.0,,"https://www.google.com/maps/dir/47.394541,-0.509995/47.394541,-0.509995"
355,Haute-Perche,exit,False,NO_ORIGIN,,0.0,,"https://www.google.com/maps/dir/47.394541,-0.509995/47.394541,-0.509995"
356,HERMILLON,entry,True,NO_ORIGIN,,0.0,,"https://www.google.com/maps/dir/45.301082,6.353601/45.301082,6.353601"
356,HERMILLON,exit,True,NO_ORIGIN,,0.0,,"https://www.google.com/maps/dir/45.301082,6.353601/45.301082,6.353601"
357,HEUDEBOUVILLE,entry,False,NO_ORIGIN,,0.0,,"https://www.google.com/maps/dir/49.189576,1.233928/49.189576,1.233928"
357,HEUDEBOUVILLE,exit,False,NO_ORIGIN,,0.0,,"https://www.google.com/maps/dir/49.189576,1.233928/49.189576,1.233928"
358,HOCHFELDEN,entry,False,NO_ORIGIN,,0.0,,"https://www.google.com/maps/dir/48.769550,7.602286/48.769550,7.602286"
358,HOCHFELDEN,exit,False,NO_ORIGIN,,0.0,,"https://www.google.com/maps/dir/48.769550,7.602286/48.769550,7.602286"
359,HORDAIN (péage d'Hordain),entry,False,NO_ORIGIN,,0.0,,"https://www.google.com/maps/dir/50.229543,3.272138/50.229543,3.272138"
359,HORDAIN (péage d'Hordain),exit,False,NO_ORIGIN,,0.0,,"https://www.google.com/maps/dir/50.229543,3.272138/50.229543,3.272138"
360,ILLIERS COMBRAY,entry,True,NO_ORIGIN,,0.0,,"https://www.google.com/maps/dir/48.291543,1.271263/48.291543,1.271263"
360,ILLIERS COMBRAY,exit,True,NO_ORIGIN,,0.0,,"https://www.google.com/maps/dir/48.291543,1.271263/48.291543,1.271263"
361,INCARVILLE,entry,True,NO_ORIGIN,,0.0,,"https://www.google.com/maps/dir/49.246192,1.183448/49.246192,1.183448"
361,INCARVILLE,exit,True,NO_ORIGIN,,0.0,,"https://www.google.com/maps/dir/49.246192,1.183448/49.246192,1.183448"
362,ISLE D'ABEAU CENTRE,entry,False,NO_ORIGIN,,0.0,,"https://www.google.com/maps/dir/45.605068,5.234213/45.605068,5.234213"
362,ISLE D'ABEAU CENTRE,exit,False,NO_ORIGIN,,0.0,,"https://www.google.com/maps/dir/45.605068,5.234213/45.605068,5.234213"
363,JANVILLE (ALLAINES),entry,True,NO_ORIGIN,,0.0,,"https://www.google.com/maps/dir/48.203531,1.849611/48.203531,1.849611"
363,JANVILLE (ALLAINES),exit,True,NO_ORIGIN,,0.0,,"https://www.google.com/maps/dir/48.203531,1.849611/48.203531,1.849611"
364,Jarny,entry,False,NO_ORIGIN,,0.0,,"https://www.google.com/maps/dir/49.199914,5.901224/49.199914,5.901224"
364,Jarny,exit,False,NO_ORIGIN,,0.0,,"https://www.google.com/maps/dir/49.199914,5.901224/49.199914,5.901224"
365,JARNY,entry,False,NO_ORIGIN,,0.0,,"https://www.google.com/maps/dir/49.198247,5.897022/49.198247,5.897022"
365,JARNY,exit,False,NO_ORIGIN,,0.0,,"https://www.google.com/maps/dir/49.198247,5.897022/49.198247,5.897022"
366,JOIGNY,entry,False,NO_ORIGIN,,0.0,,"https://www.google.com/maps/dir/47.938814,3.243983/47.938814,3.243983"
366,JOIGNY,exit,False,NO_ORIGIN,,0.0,,"https://www.google.com/maps/dir/47.938814,3.243983/47.938814,3.243983"
367,Joué-en-Charnie,entry,True,NO_ORIGIN,,0.0,,"https://www.google.com/maps/dir/48.005547,-0.212911/48.005547,-0.212911"
367,Joué-en-Charnie,exit,True,NO_ORIGIN,,0.0,,"https://www.google.com/maps/dir/48.005547,-0.212911/48.005547,-0.212911"
368,JOUE-LES-TOURS,entry,True,NO_ORIGIN,,0.0,,"https://www.google.com/maps/dir/47.329442,0.693234/47.329442,0.693234"
368,JOUE-LES-TOURS,exit,True,NO_ORIGIN,,0.0,,"https://www.google.com/maps/dir/47.329442,0.693234/47.329442,0.693234"
369,L'ISLE-ADAM (péage d'Amblainville),entry,False,NO_ORIGIN,,0.0,,"https://www.google.com/maps/dir/49.205380,2.169131/49.205380,2.169131"
369,L'ISLE-ADAM (péage d'Amblainville),exit,False,NO_ORIGIN,,0.0,,"https://www.google.com/maps/dir/49.205380,2.169131/49.205380,2.169131"
370,L ISLE-S/LE-DOUBS,entry,False,NO_ORIGIN,,0.0,,"https://www.google.com/maps/dir/47.412446,6.585696/47.412446,6.585696"
370,L ISLE-S/LE-DOUBS,exit,False,NO_ORIGIN,,0.0,,"https://www.google.com/maps/dir/47.412446,6.585696/47.412446,6.585696"
371,L'ISLE-SUR-LE-DOUBS,entry,True,NO_ORIGIN,,0.0,,"https://www.google.com/maps/dir/47.416146,6.581138/47.416146,6.581138"
371,L'ISLE-SUR-LE-DOUBS,exit,True,NO_ORIGIN,,0.0,,"https://www.google.com/maps/dir/47.416146,6.581138/47.416146,6.581138"
372,La Bachellerie,entry,False,NO_ORIGIN,,0.0,,"https://www.google.com/maps/dir/45.149955,1.176035/45.149955,1.176035"
372,La Bachellerie,exit,False,NO_ORIGIN,,0.0,,"https://www.google.com/maps/dir/45.149955,1.176035/45.149955,1.176035"
373,LA BAUME D'HOSTUN,entry,True,NO_ORIGIN,,0.0,,"https://www.google.com/maps/dir/45.066449,5.203517/45.066449,5.203517"
373,LA BAUME D'HOSTUN,exit,True,NO_ORIGIN,,0.0,,"https://www.google.com/maps/dir/45.066449,5.203517/45.066449,5.203517"
374,La Bédoule,entry,False,NO_ORIGIN,,0.0,,"https://www.google.com/maps/dir/43.246555,5.596184/43.246555,5.596184"
374,La Bédoule,exit,False,NO_ORIGIN,,0.0,,"https://www.google.com/maps/dir/43.246555,5.596184/43.246555,5.596184"
375,La Boise/Montuel,entry,True,NO_ORIGIN,,0.0,,"https://www.google.com/maps/dir/45.838750,5.044707/45.838750,5.044707"
375,La Boise/Montuel,exit,True,NO_ORIGIN,,0.0,,"https://www.google.com/maps/dir/45.838750,5.044707/45.838750,5.044707"
376,Péage de La Boisse,entry,True,NO_ORIGIN,,0.0,,"https://www.google.com/maps/dir/45.828672,5.031013/45.828672,5.031013"
376,Péage de La Boisse,exit,True,NO_ORIGIN,,0.0,,"https://www.google.com/maps/dir/45.828672,5.031013/45.828672,5.031013"
377,LA BOISSE,entry,True,NO_ORIGIN,,0.0,,"https://www.google.com/maps/dir/45.828672,5.031013/45.828672,5.031013"
377,LA BOISSE,exit,True,NO_ORIGIN,,0.0,,"https://www.google.com/maps/dir/45.828672,5.031013/45.828672,5.031013"
378,LA BOISSE - MONTLUEL,entry,True,NO_ORIGIN,,0.0,,"https://www.google.com/maps/dir/45.838750,5.044707/45.838750,5.044707"
378,LA BOISSE - MONTLUEL,exit,True,NO_ORIGIN,,0.0,,"https://www.google.com/maps/dir/45.838750,5.044707/45.838750,5.044707"
379,La Bouvinerie,entry,True,NO_ORIGIN,,0.0,,"https://www.google.com/maps/dir/47.481912,-0.490873/47.481912,-0.490873"
379,La Bouvinerie,exit,True,NO_ORIGIN,,0.0,,"https://www.google.com/maps/dir/47.481912,-0.490873/47.481912,-0.490873"
380,La Brède,entry,False,NO_ORIGIN,,0.0,,"https://www.google.com/maps/dir/44.695296,-0.497861/44.695296,-0.497861"
380,La Brède,exit,False,NO_ORIGIN,,0.0,,"https://www.google.com/maps/dir/44.695296,-0.497861/44.695296,-0.497861"
381,La Brillanne,entry,True,NO_ORIGIN,,0.0,,"https://www.google.com/maps/dir/43.920287,5.892220/43.920287,5.892220"
381,La Brillanne,exit,True,NO_ORIGIN,,0.0,,"https://www.google.com/maps/dir/43.920287,5.892220/43.920287,5.892220"
382,La Cadière,entry,False,NO_ORIGIN,,0.0,,"https://www.google.com/maps/dir/43.190744,5.765029/43.190744,5.765029"
382,La Cadière,exit,False,NO_ORIGIN,,0.0,,"https://www.google.com/maps/dir/43.190744,5.765029/43.190744,5.765029"
383,La Ciotat,entry,True,NO_ORIGIN,,0.0,,"https://www.google.com/maps/dir/43.205056,5.591756/43.205056,5.591756"
383,La Ciotat,exit,True,NO_ORIGIN,,0.0,,"https://www.google.com/maps/dir/43.205056,5.591756/43.205056,5.591756"
384,LA CÔTE PICARDE,entry,True,NO_ORIGIN,,0.0,,"https://www.google.com/maps/dir/50.251771,1.749752/50.251771,1.749752"
384,LA CÔTE PICARDE,exit,True,NO_ORIGIN,,0.0,,"https://www.google.com/maps/dir/50.251771,1.749752/50.251771,1.749752"
385,Péage de La Côtière,entry,True,NO_ORIGIN,,0.0,,"https://www.google.com/maps/dir/45.834646,5.030853/45.834646,5.030853"
385,Péage de La Côtière,exit,True,NO_ORIGIN,,0.0,,"https://www.google.com/maps/dir/45.834646,5.030853/45.834646,5.030853"
386,LA COTIERE,entry,True,NO_ORIGIN,,0.0,,"https://www.google.com/maps/dir/45.834646,5.030853/45.834646,5.030853"
386,LA COTIERE,exit,True,NO_ORIGIN,,0.0,,"https://www.google.com/maps/dir/45.834646,5.030853/45.834646,5.030853"
387,La Cour-Neuve,entry,False,NO_ORIGIN,,0.0,,"https://www.google.com/maps/dir/47.129851,-1.505262/47.129851,-1.505262"
387,La Cour-Neuve,exit,False,NO_ORIGIN,,0.0,,"https://www.google.com/maps/dir/47.129851,-1.505262/47.129851,-1.505262"
388,La Croix-Chalon,entry,True,NO_ORIGIN,,0.0,,"https://www.google.com/maps/dir/46.179169,5.561088/46.179169,5.561088"
388,La Croix-Chalon,exit,True,NO_ORIGIN,,0.0,,"https://www.google.com/maps/dir/46.179169,5.561088/46.179169,5.561088"
389,La Croix Daurade,entry,False,NO_ORIGIN,,0.0,,"https://www.google.com/maps/dir/43.644129,1.470274/43.644129,1.470274"
389,La Croix Daurade,exit,False,NO_ORIGIN,,0.0,,"https://www.google.com/maps/dir/43.644129,1.470274/43.644129,1.470274"
390,LA FÈRE,entry,True,NO_ORIGIN,,0.0,,"https://www.google.com/maps/dir/49.689169,3.467320/49.689169,3.467320"
390,LA FÈRE,exit,True,NO_ORIGIN,,0.0,,"https://www.google.com/maps/dir/49.689169,3.467320/49.689169,3.467320"
391,La Ferté-Bernard,entry,True,NO_ORIGIN,,0.0,,"https://www.google.com/maps/dir/48.149539,0.691354/48.149539,0.691354"
391,La Ferté-Bernard,exit,True,NO_ORIGIN,,0.0,,"https://www.google.com/maps/dir/48.149539,0.691354/48.149539,0.691354"
392,LA FERTE BERNARD,entry,True,NO_ORIGIN,,0.0,,"https://www.google.com/maps/dir/48.149539,0.691354/48.149539,0.691354"
392,LA FERTE BERNARD,exit,True,NO_ORIGIN,,0.0,,"https://www.google.com/maps/dir/48.149539,0.691354/48.149539,0.691354"
393,LA FOLIE-B/PARIS,entry,True,NO_ORIGIN,,0.0,,"https://www.google.com/maps/dir/48.675441,2.197344/48.675441,2.197344"
393,LA FOLIE-B/PARIS,exit,True,NO_ORIGIN,,0.0,,"https://www.google.com/maps/dir/48.675441,2.197344/48.675441,2.197344"
394,La Foucaudière,entry,True,NO_ORIGIN,,0.0,,"https://www.google.com/maps/dir/47.326957,-0.893493/47.326957,-0.893493"
394,La Foucaudière,exit,True,NO_ORIGIN,,0.0,,"https://www.google.com/maps/dir/47.326957,-0.893493/47.326957,-0.893493"
395,La Fouillouse,entry,False,NO_ORIGIN,,0.0,,"https://www.google.com/maps/dir/45.528433,4.286018/45.528433,4.286018"
395,La Fouillouse,exit,False,NO_ORIGIN,,0.0,,"https://www.google.com/maps/dir/45.528433,4.286018/45.528433,4.286018"
396,Péage de La Gravelle,entry,False,NO_ORIGIN,,0.0,,"https://www.google.com/maps/dir/48.082957,-1.037575/48.082957,-1.037575"
396,Péage de La Gravelle,exit,False,NO_ORIGIN,,0.0,,"https://www.google.com/maps/dir/48.082957,-1.037575/48.082957,-1.037575"
397,LA HAIE-TONDUE,entry,False,NO_ORIGIN,,0.0,,"https://www.google.com/maps/dir/49.260056,0.113091/49.260056,0.113091"
397,LA HAIE-TONDUE,exit,False,NO_ORIGIN,,0.0,,"https://www.google.com/maps/dir/49.260056,0.113091/49.260056,0.113091"
398,La Molle,entry,False,NO_ORIGIN,,0.0,,"https://www.google.com/maps/dir/43.989102,1.337456/43.989102,1.337456"
398,La Molle,exit,False,NO_ORIGIN,,0.0,,"https://www.google.com/maps/dir/43.989102,1.337456/43.989102,1.337456"
399,La Monnaie,entry,False,NO_ORIGIN,,0.0,,"https://www.google.com/maps/dir/47.491488,0.824575/47.491488,0.824575"
399,La Monnaie,exit,False,NO_ORIGIN,,0.0,,"https://www.google.com/maps/dir/47.491488,0.824575/47.491488,0.824575"
400,Péage de la Négresse,entry,False,NO_ORIGIN,,0.0,,"https://www.google.com/maps/dir/43.450325,-1.554537/43.450325,-1.554537"
400,Péage de la Négresse,exit,False,NO_ORIGIN,,0.0,,"https://www.google.com/maps/dir/43.450325,-1.554537/43.450325,-1.554537"
401,La Réole,entry,True,NO_ORIGIN,,0.0,,"https://www.google.com/maps/dir/44.505761,-0.041291/44.505761,-0.041291"
401,La Réole,exit,True,NO_ORIGIN,,0.0,,"https://www.google.com/maps/dir/44.505761,-0.041291/44.505761,-0.041291"
402,LA RIVIÈRE-SAINT-SAUVEUR,entry,False,NO_ORIGIN,,0.0,,"https://www.google.com/maps/dir/49.410071,0.268246/49.410071,0.268246"
402,LA RIVIÈRE-SAINT-SAUVEUR,exit,False,NO_ORIGIN,,0.0,,"https://www.google.com/maps/dir/49.410071,0.268246/49.410071,0.268246"
403,Péage de La Roche-sur-Yon,entry,True,NO_ORIGIN,,0.0,,"https://www.google.com/maps/dir/46.672841,-1.345957/46.672841,-1.345957"
403,Péage de La Roche-sur-Yon,exit,True,NO_ORIGIN,,0.0,,"https://www.google.com/maps/dir/46.672841,-1.345957/46.672841,-1.345957"
404,LA ROCHE SUR YON,entry,True,NO_ORIGIN,,0.0,,"https://www.google.com/maps/dir/46.672841,-1.345957/46.672841,-1.345957"
404,LA ROCHE SUR YON,exit,True,NO_ORIGIN,,0.0,,"https://www.google.com/maps/dir/46.672841,-1.345957/46.672841,-1.345957"
405,La Roche-sur-Yon centre,entry,False,NO_ORIGIN,,0.0,,"https://www.google.com/maps/dir/46.637585,-1.398703/46.637585,-1.398703"
405,La Roche-sur-Yon centre,exit,False,NO_ORIGIN,,0.0,,"https://www.google.com/maps/dir/46.637585,-1.398703/46.637585,-1.398703"
406,La Roche-sur-Yon est,entry,False,NO_ORIGIN,,0.0,,"https://www.google.com/maps/dir/46.669891,-1.353676/46.669891,-1.353676"
406,La Roche-sur-Yon est,exit,False,NO_ORIGIN,,0.0,,"https://www.google.com/maps/dir/46.669891,-1.353676/46.669891,-1.353676"
407,La Roche-sur-Yon ouest,entry,False,NO_ORIGIN,,0.0,,"https://www.google.com/maps/dir/46.643779,-1.514672/46.643779,-1.514672"
407,La Roche-sur-Yon ouest,exit,False,NO_ORIGIN,,0.0,,"https://www.google.com/maps/dir/46.643779,-1.514672/46.643779,-1.514672"
408,La Roche-sur-Yon sud,entry,False,NO_ORIGIN,,0.0,,"https://www.google.com/maps/dir/46.627856,-1.437230/46.627856,-1.437230"
408,La Roche-sur-Yon sud,exit,False,NO_ORIGIN,,0.0,,"https://www.google.com/maps/dir/46.627856,-1.437230/46.627856,-1.437230"
409,LA ROCHELLE / NIORT SUD,entry,True,NO_ORIGIN,,0.0,,"https://www.google.com/maps/dir/46.237266,-0.436833/46.237266,-0.436833"
409,LA ROCHELLE / NIORT SUD,exit,True,NO_ORIGIN,,0.0,,"https://www.google.com/maps/dir/46.237266,-0.436833/46.237266,-0.436833"
410,La Roseraie,entry,False,NO_ORIGIN,,0.0,,"https://www.google.com/maps/dir/43.628605,1.478858/43.628605,1.478858"
410,La Roseraie,exit,False,NO_ORIGIN,,0.0,,"https://www.google.com/maps/dir/43.628605,1.478858/43.628605,1.478858"
411,La Saulce,entry,False,NO_ORIGIN,,0.0,,"https://www.google.com/maps/dir/44.434015,6.024348/44.434015,6.024348"
411,La Saulce,exit,False,NO_ORIGIN,,0.0,,"https://www.google.com/maps/dir/44.434015,6.024348/44.434015,6.024348"
412,LA TOUR DU PIN,entry,False,NO_ORIGIN,,0.0,,"https://www.google.com/maps/dir/45.561921,5.428993/45.561921,5.428993"
412,LA TOUR DU PIN,exit,False,NO_ORIGIN,,0.0,,"https://www.google.com/maps/dir/45.561921,5.428993/45.561921,5.428993"
413,LA TOUR DU PIN EST,entry,False,NO_ORIGIN,,0.0,,"https://www.google.com/maps/dir/45.557463,5.462427/45.557463,5.462427"
413,LA TOUR DU PIN EST,exit,False,NO_ORIGIN,,0.0,,"https://www.google.com/maps/dir/45.557463,5.462427/45.557463,5.462427"
414,La Turbie,entry,True,NO_ORIGIN,,0.0,,"https://www.google.com/maps/dir/43.743764,7.374869/43.743764,7.374869"
414,La Turbie,exit,True,NO_ORIGIN,,0.0,,"https://www.google.com/maps/dir/43.743764,7.374869/43.743764,7.374869"
415,La Verrie,entry,True,NO_ORIGIN,,0.0,,"https://www.google.com/maps/dir/46.941406,-0.974139/46.941406,-0.974139"
415,La Verrie,exit,True,NO_ORIGIN,,0.0,,"https://www.google.com/maps/dir/46.941406,-0.974139/46.941406,-0.974139"
416,Labastide Murat,entry,False,NO_ORIGIN,,0.0,,"https://www.google.com/maps/dir/44.698128,1.580578/44.698128,1.580578"
416,Labastide Murat,exit,False,NO_ORIGIN,,0.0,,"https://www.google.com/maps/dir/44.698128,1.580578/44.698128,1.580578"
417,Labouheyre,entry,False,NO_ORIGIN,,0.0,,"https://www.google.com/maps/dir/44.213985,-0.919095/44.213985,-0.919095"
417,Labouheyre,exit,False,NO_ORIGIN,,0.0,,"https://www.google.com/maps/dir/44.213985,-0.919095/44.213985,-0.919095"
418,Labouheyre,entry,False,NO_ORIGIN,,0.0,,"https://www.google.com/maps/dir/44.201024,-0.931084/44.201024,-0.931084"
418,Labouheyre,exit,False,NO_ORIGIN,,0.0,,"https://www.google.com/maps/dir/44.201024,-0.931084/44.201024,-0.931084"
419,Laghet,entry,False,NO_ORIGIN,,0.0,,"https://www.google.com/maps/dir/43.745403,7.378580/43.745403,7.378580"
419,Laghet,exit,False,NO_ORIGIN,,0.0,,"https://www.google.com/maps/dir/43.745403,7.378580/43.745403,7.378580"
420,Laharie,entry,True,NO_ORIGIN,,0.0,,"https://www.google.com/maps/dir/43.689037,-1.321279/43.689037,-1.321279"
420,Laharie,exit,True,NO_ORIGIN,,0.0,,"https://www.google.com/maps/dir/43.689037,-1.321279/43.689037,-1.321279"
421,Laharie,entry,False,NO_ORIGIN,,0.0,,"https://www.google.com/maps/dir/44.050435,-1.007993/44.050435,-1.007993"
421,Laharie,exit,False,NO_ORIGIN,,0.0,,"https://www.google.com/maps/dir/44.050435,-1.007993/44.050435,-1.007993"
422,LAMOTTE-BEUVRON,entry,True,NO_ORIGIN,,0.0,,"https://www.google.com/maps/dir/47.581387,1.995232/47.581387,1.995232"
422,LAMOTTE-BEUVRON,exit,True,NO_ORIGIN,,0.0,,"https://www.google.com/maps/dir/47.581387,1.995232/47.581387,1.995232"
423,Peage de Lancon (Aix/Berre),entry,True,NO_ORIGIN,,0.0,,"https://www.google.com/maps/dir/43.593848,5.174961/43.593848,5.174961"
423,Peage de Lancon (Aix/Berre),exit,True,NO_ORIGIN,,0.0,,"https://www.google.com/maps/dir/43.593848,5.174961/43.593848,5.174961"
424,Langon,entry,True,NO_ORIGIN,,0.0,,"https://www.google.com/maps/dir/44.542748,-0.265299/44.542748,-0.265299"
424,Langon,exit,True,NO_ORIGIN,,0.0,,"https://www.google.com/maps/dir/44.542748,-0.265299/44.542748,-0.265299"
425,LANGRES NORD,entry,True,NO_ORIGIN,,0.0,,"https://www.google.com/maps/dir/47.930013,5.286582/47.930013,5.286582"
425,LANGRES NORD,exit,True,NO_ORIGIN,,0.0,,"https://www.google.com/maps/dir/47.930013,5.286582/47.930013,5.286582"
426,Langres sud,entry,True,NO_ORIGIN,,0.0,,"https://www.google.com/maps/dir/47.789488,5.222408/47.789488,5.222408"
426,Langres sud,exit,True,NO_ORIGIN,,0.0,,"https://www.google.com/maps/dir/47.789488,5.222408/47.789488,5.222408"
427,Lannemezan,entry,True,NO_ORIGIN,,0.0,,"https://www.google.com/maps/dir/43.099994,0.392224/43.099994,0.392224"
427,Lannemezan,exit,True,NO_ORIGIN,,0.0,,"https://www.google.com/maps/dir/43.099994,0.392224/43.099994,0.392224"
428,LAON,entry,True,NO_ORIGIN,,0.0,,"https://www.google.com/maps/dir/49.606967,3.656923/49.606967,3.656923"
428,LAON,exit,True,NO_ORIGIN,,0.0,,"https://www.google.com/maps/dir/49.606967,3.656923/49.606967,3.656923"
429,Lasbordes,entry,False,NO_ORIGIN,,0.0,,"https://www.google.com/maps/dir/43.594056,1.493459/43.594056,1.493459"
429,Lasbordes,exit,False,NO_ORIGIN,,0.0,,"https://www.google.com/maps/dir/43.594056,1.493459/43.594056,1.493459"
430,Laval est,entry,True,NO_ORIGIN,,0.0,,"https://www.google.com/maps/dir/48.105383,-0.737953/48.105383,-0.737953"
430,Laval est,exit,True,NO_ORIGIN,,0.0,,"https://www.google.com/maps/dir/48.105383,-0.737953/48.105383,-0.737953"
431,LAVAL EST,entry,True,NO_ORIGIN,,0.0,,"https://www.google.com/maps/dir/48.105383,-0.737953/48.105383,-0.737953"
431,LAVAL EST,exit,True,NO_ORIGIN,,0.0,,"https://www.google.com/maps/dir/48.105383,-0.737953/48.105383,-0.737953"
432,Laval ouest,entry,True,NO_ORIGIN,,0.0,,"https://www.google.com/maps/dir/48.107701,-0.832409/48.107701,-0.832409"
432,Laval ouest,exit,True,NO_ORIGIN,,0.0,,"https://www.google.com/maps/dir/48.107701,-0.832409/48.107701,-0.832409"
433,LAVAL OUEST,entry,True,NO_ORIGIN,,0.0,,"https://www.google.com/maps/dir/48.107701,-0.832409/48.107701,-0.832409"
433,LAVAL OUEST,exit,True,NO_ORIGIN,,0.0,,"https://www.google.com/maps/dir/48.107701,-0.832409/48.107701,-0.832409"
434,LE BIGNON,entry,True,NO_ORIGIN,,0.0,,"https://www.google.com/maps/dir/47.114846,-1.491783/47.114846,-1.491783"
434,LE BIGNON,exit,True,NO_ORIGIN,,0.0,,"https://www.google.com/maps/dir/47.114846,-1.491783/47.114846,-1.491783"
435,Le Boulou (péage en système fermé),entry,True,NO_ORIGIN,,0.0,,"https://www.google.com/maps/dir/42.525754,2.820475/42.525754,2.820475"
435,Le Boulou (péage en système fermé),exit,True,NO_ORIGIN,,0.0,,"https://www.google.com/maps/dir/42.525754,2.820475/42.525754,2.820475"
436,Le Boulou (péage en système ouvert),entry,True,NO_ORIGIN,,0.0,,"https://www.google.com/maps/dir/42.525754,2.820475/42.525754,2.820475"
436,Le Boulou (péage en système ouvert),exit,True,NO_ORIGIN,,0.0,,"https://www.google.com/maps/dir/42.525754,2.820475/42.525754,2.820475"
437,Le Boulou (système fermé),entry,True,NO_ORIGIN,,0.0,,"https://www.google.com/maps/dir/42.525754,2.820475/42.525754,2.820475"
437,Le Boulou (système fermé),exit,True,NO_ORIGIN,,0.0,,"https://www.google.com/maps/dir/42.525754,2.820475/42.525754,2.820475"
438,Le Caloy,entry,True,NO_ORIGIN,,0.0,,"https://www.google.com/maps/dir/43.950726,-0.390220/43.950726,-0.390220"
438,Le Caloy,exit,True,NO_ORIGIN,,0.0,,"https://www.google.com/maps/dir/43.950726,-0.390220/43.950726,-0.390220"
439,Le Cannet-des-Maures,entry,True,NO_ORIGIN,,0.0,,"https://www.google.com/maps/dir/43.393521,6.355470/43.393521,6.355470"
439,Le Cannet-des-Maures,exit,True,NO_ORIGIN,,0.0,,"https://www.google.com/maps/dir/43.393521,6.355470/43.393521,6.355470"
440,Le Chapitre,entry,False,NO_ORIGIN,,0.0,,"https://www.google.com/maps/dir/43.558113,1.409955/43.558113,1.409955"
440,Le Chapitre,exit,False,NO_ORIGIN,,0.0,,"https://www.google.com/maps/dir/43.558113,1.409955/43.558113,1.409955"
441,LE CROZET,entry,True,NO_ORIGIN,,0.0,,"https://www.google.com/maps/dir/45.045406,5.678826/45.045406,5.678826"
441,LE CROZET,exit,True,NO_ORIGIN,,0.0,,"https://www.google.com/maps/dir/45.045406,5.678826/45.045406,5.678826"
442,Le Fayet,entry,False,NO_ORIGIN,,0.0,,"https://www.google.com/maps/dir/45.904363,6.703506/45.904363,6.703506"
442,Le Fayet,exit,False,NO_ORIGIN,,0.0,,"https://www.google.com/maps/dir/45.904363,6.703506/45.904363,6.703506"
443,LE HAVRE,entry,False,NO_ORIGIN,,0.0,,"https://www.google.com/maps/dir/49.481576,0.263869/49.481576,0.263869"
443,LE HAVRE,exit,False,NO_ORIGIN,,0.0,,"https://www.google.com/maps/dir/49.481576,0.263869/49.481576,0.263869"
444,LE MANS CENTRE UNIVERSITE,entry,True,NO_ORIGIN,,0.0,,"https://www.google.com/maps/dir/48.022750,0.131103/48.022750,0.131103"
444,LE MANS CENTRE UNIVERSITE,exit,True,NO_ORIGIN,,0.0,,"https://www.google.com/maps/dir/48.022750,0.131103/48.022750,0.131103"
445,Le Mans nord,entry,False,NO_ORIGIN,,0.0,,"https://www.google.com/maps/dir/48.050349,0.173905/48.050349,0.173905"
445,Le Mans nord,exit,False,NO_ORIGIN,,0.0,,"https://www.google.com/maps/dir/48.050349,0.173905/48.050349,0.173905"
446,Le Mans ouest,entry,True,NO_ORIGIN,,0.0,,"https://www.google.com/maps/dir/48.022750,0.131103/48.022750,0.131103"
446,Le Mans ouest,exit,True,NO_ORIGIN,,0.0,,"https://www.google.com/maps/dir/48.022750,0.131103/48.022750,0.131103"
447,Le Mans sud,entry,True,NO_ORIGIN,,0.0,,"https://www.google.com/maps/dir/47.980145,0.051965/47.980145,0.051965"
447,Le Mans sud,exit,True,NO_ORIGIN,,0.0,,"https://www.google.com/maps/dir/47.980145,0.051965/47.980145,0.051965"
448,LE MANS SUD,entry,True,NO_ORIGIN,,0.0,,"https://www.google.com/maps/dir/47.980145,0.051965/47.980145,0.051965"
448,LE MANS SUD,exit,True,NO_ORIGIN,,0.0,,"https://www.google.com/maps/dir/47.980145,0.051965/47.980145,0.051965"
449,LE MANS ZI NORD,entry,True,NO_ORIGIN,,0.0,,"https://www.google.com/maps/dir/48.054167,0.182251/48.054167,0.182251"
449,LE MANS ZI NORD,exit,True,NO_ORIGIN,,0.0,,"https://www.google.com/maps/dir/48.054167,0.182251/48.054167,0.182251"
450,LE MIROIR,entry,True,NO_ORIGIN,,0.0,,"https://www.google.com/maps/dir/46.546300,5.331204/46.546300,5.331204"
450,LE MIROIR,exit,True,NO_ORIGIN,,0.0,,"https://www.google.com/maps/dir/46.546300,5.331204/46.546300,5.331204"
451,Le Montet,entry,True,NO_ORIGIN,,0.0,,"https://www.google.com/maps/dir/46.370326,3.027921/46.370326,3.027921"
451,Le Montet,exit,True,NO_ORIGIN,,0.0,,"https://www.google.com/maps/dir/46.370326,3.027921/46.370326,3.027921"
452,Le Montet Est,entry,False,NO_ORIGIN,,0.0,,"https://www.google.com/maps/dir/46.417316,3.107271/46.417316,3.107271"
452,Le Montet Est,exit,False,NO_ORIGIN,,0.0,,"https://www.google.com/maps/dir/46.417316,3.107271/46.417316,3.107271"
453,Le Montet Ouest,entry,True,NO_ORIGIN,,0.0,,"https://www.google.com/maps/dir/46.389153,3.033223/46.389153,3.033223"
453,Le Montet Ouest,exit,True,NO_ORIGIN,,0.0,,"https://www.google.com/maps/dir/46.389153,3.033223/46.389153,3.033223"
454,Le Muret,entry,False,NO_ORIGIN,,0.0,,"https://www.google.com/maps/dir/44.389585,-0.813091/44.389585,-0.813091"
454,Le Muret,exit,False,NO_ORIGIN,,0.0,,"https://www.google.com/maps/dir/44.389585,-0.813091/44.389585,-0.813091"
455,Le Muret,entry,False,NO_ORIGIN,,0.0,,"https://www.google.com/maps/dir/44.389585,-0.813091/44.389585,-0.813091"
455,Le Muret,exit,False,NO_ORIGIN,,0.0,,"https://www.google.com/maps/dir/44.389585,-0.813091/44.389585,-0.813091"
456,Le Muy,entry,True,NO_ORIGIN,,0.0,,"https://www.google.com/maps/dir/43.459030,6.552366/43.459030,6.552366"
456,Le Muy,exit,True,NO_ORIGIN,,0.0,,"https://www.google.com/maps/dir/43.459030,6.552366/43.459030,6.552366"
457,Le Palays,entry,False,NO_ORIGIN,,0.0,,"https://www.google.com/maps/dir/43.553558,1.489314/43.553558,1.489314"
457,Le Palays,exit,False,NO_ORIGIN,,0.0,,"https://www.google.com/maps/dir/43.553558,1.489314/43.553558,1.489314"
458,LE TOURNEAU,entry,False,NO_ORIGIN,,0.0,,"https://www.google.com/maps/dir/47.992989,2.677700/47.992989,2.677700"
458,LE TOURNEAU,exit,False,NO_ORIGIN,,0.0,,"https://www.google.com/maps/dir/47.992989,2.677700/47.992989,2.677700"
459,Le Touvet,entry,True,NO_ORIGIN,,0.0,,"https://www.google.com/maps/dir/45.343247,5.965190/45.343247,5.965190"
459,Le Touvet,exit,True,NO_ORIGIN,,0.0,,"https://www.google.com/maps/dir/45.343247,5.965190/45.343247,5.965190"
460,Lentilly,entry,False,NO_ORIGIN,,0.0,,"https://www.google.com/maps/dir/45.826515,4.686465/45.826515,4.686465"
460,Lentilly,exit,False,NO_ORIGIN,,0.0,,"https://www.google.com/maps/dir/45.826515,4.686465/45.826515,4.686465"
461,LES ABRETS,entry,False,NO_ORIGIN,,0.0,,"https://www.google.com/maps/dir/45.571452,5.604276/45.571452,5.604276"
461,LES ABRETS,exit,False,NO_ORIGIN,,0.0,,"https://www.google.com/maps/dir/45.571452,5.604276/45.571452,5.604276"
462,Les Adrets,entry,False,NO_ORIGIN,,0.0,,"https://www.google.com/maps/dir/43.544654,6.811045/43.544654,6.811045"
462,Les Adrets,exit,False,NO_ORIGIN,,0.0,,"https://www.google.com/maps/dir/43.544654,6.811045/43.544654,6.811045"
463,LES EPRUNES,entry,False,NO_ORIGIN,,0.0,,"https://www.google.com/maps/dir/48.589634,2.655756/48.589634,2.655756"
463,LES EPRUNES,exit,False,NO_ORIGIN,,0.0,,"https://www.google.com/maps/dir/48.589634,2.655756/48.589634,2.655756"
464,LES ESSARTS,entry,True,NO_ORIGIN,,0.0,,"https://www.google.com/maps/dir/46.792520,-1.198832/46.792520,-1.198832"
464,LES ESSARTS,exit,True,NO_ORIGIN,,0.0,,"https://www.google.com/maps/dir/46.792520,-1.198832/46.792520,-1.198832"
465,Les Herbiers,entry,True,NO_ORIGIN,,0.0,,"https://www.google.com/maps/dir/46.903599,-1.054333/46.903599,-1.054333"
465,Les Herbiers,exit,True,NO_ORIGIN,,0.0,,"https://www.google.com/maps/dir/46.903599,-1.054333/46.903599,-1.054333"
466,Les Izards,entry,False,NO_ORIGIN,,0.0,,"https://www.google.com/maps/dir/43.646990,1.443266/43.646990,1.443266"
466,Les Izards,exit,False,NO_ORIGIN,,0.0,,"https://www.google.com/maps/dir/43.646990,1.443266/43.646990,1.443266"
467,Lescar,entry,True,NO_ORIGIN,,0.0,,"https://www.google.com/maps/dir/43.345985,-0.416956/43.345985,-0.416956"
467,Lescar,exit,True,NO_ORIGIN,,0.0,,"https://www.google.com/maps/dir/43.345985,-0.416956/43.345985,-0.416956"
468,Lesperon,entry,False,NO_ORIGIN,,0.0,,"https://www.google.com/maps/dir/43.972625,-1.070511/43.972625,-1.070511"
468,Lesperon,exit,False,NO_ORIGIN,,0.0,,"https://www.google.com/maps/dir/43.972625,-1.070511/43.972625,-1.070511"
469,Lesperon,entry,False,NO_ORIGIN,,0.0,,"https://www.google.com/maps/dir/43.971564,-1.061818/43.971564,-1.061818"
469,Lesperon,exit,False,NO_ORIGIN,,0.0,,"https://www.google.com/maps/dir/43.971564,-1.061818/43.971564,-1.061818"
470,Péage de Lestelle,entry,False,NO_ORIGIN,,0.0,,"https://www.google.com/maps/dir/43.118194,0.900428/43.118194,0.900428"
470,Péage de Lestelle,exit,False,NO_ORIGIN,,0.0,,"https://www.google.com/maps/dir/43.118194,0.900428/43.118194,0.900428"
471,Lestelle-de-Saint-Martory,entry,False,NO_ORIGIN,,0.0,,"https://www.google.com/maps/dir/43.118484,0.899984/43.118484,0.899984"
471,Lestelle-de-Saint-Martory,exit,False,NO_ORIGIN,,0.0,,"https://www.google.com/maps/dir/43.118484,0.899984/43.118484,0.899984"
472,Leucate,entry,False,NO_ORIGIN,,0.0,,"https://www.google.com/maps/dir/42.939336,2.970075/42.939336,2.970075"
472,Leucate,exit,False,NO_ORIGIN,,0.0,,"https://www.google.com/maps/dir/42.939336,2.970075/42.939336,2.970075"
473,Lézignan,entry,True,NO_ORIGIN,,0.0,,"https://www.google.com/maps/dir/43.168937,2.741451/43.168937,2.741451"
473,Lézignan,exit,True,NO_ORIGIN,,0.0,,"https://www.google.com/maps/dir/43.168937,2.741451/43.168937,2.741451"
474,Lezoux,entry,True,NO_ORIGIN,,0.0,,"https://www.google.com/maps/dir/45.850277,3.375845/45.850277,3.375845"
474,Lezoux,exit,True,NO_ORIGIN,,0.0,,"https://www.google.com/maps/dir/45.850277,3.375845/45.850277,3.375845"
475,Libourne nord,entry,True,NO_ORIGIN,,0.0,,"https://www.google.com/maps/dir/44.960244,-0.246542/44.960244,-0.246542"
475,Libourne nord,exit,True,NO_ORIGIN,,0.0,,"https://www.google.com/maps/dir/44.960244,-0.246542/44.960244,-0.246542"
476,Libourne ouest,entry,False,NO_ORIGIN,,0.0,,"https://www.google.com/maps/dir/44.872611,-0.283663/44.872611,-0.283663"
476,Libourne ouest,exit,False,NO_ORIGIN,,0.0,,"https://www.google.com/maps/dir/44.872611,-0.283663/44.872611,-0.283663"
477,Libourne/St-Antoine,entry,True,NO_ORIGIN,,0.0,,"https://www.google.com/maps/dir/45.098218,-0.476850/45.098218,-0.476850"
477,Libourne/St-Antoine,exit,True,NO_ORIGIN,,0.0,,"https://www.google.com/maps/dir/45.098218,-0.476850/45.098218,-0.476850"
478,LIÉVIN,entry,True,NO_ORIGIN,,0.0,,"https://www.google.com/maps/dir/50.439651,2.703420/50.439651,2.703420"
478,LIÉVIN,exit,True,NO_ORIGIN,,0.0,,"https://www.google.com/maps/dir/50.439651,2.703420/50.439651,2.703420"
479,LILLE / DOURGES (péage de Fresnes),entry,True,NO_ORIGIN,,0.0,,"https://www.google.com/maps/dir/50.324864,2.911766/50.324864,2.911766"
479,LILLE / DOURGES (péage de Fresnes),exit,True,NO_ORIGIN,,0.0,,"https://www.google.com/maps/dir/50.324864,2.911766/50.324864,2.911766"
480,LILLERS,entry,True,NO_ORIGIN,,0.0,,"https://www.google.com/maps/dir/50.548765,2.464452/50.548765,2.464452"
480,LILLERS,exit,True,NO_ORIGIN,,0.0,,"https://www.google.com/maps/dir/50.548765,2.464452/50.548765,2.464452"
481,Liposthey,entry,False,NO_ORIGIN,,0.0,,"https://www.google.com/maps/dir/44.320548,-0.878300/44.320548,-0.878300"
481,Liposthey,exit,False,NO_ORIGIN,,0.0,,"https://www.google.com/maps/dir/44.320548,-0.878300/44.320548,-0.878300"
482,Liposthey,entry,False,NO_ORIGIN,,0.0,,"https://www.google.com/maps/dir/44.319724,-0.881280/44.319724,-0.881280"
482,Liposthey,exit,False,NO_ORIGIN,,0.0,,"https://www.google.com/maps/dir/44.319724,-0.881280/44.319724,-0.881280"
483,Longué,entry,True,NO_ORIGIN,,0.0,,"https://www.google.com/maps/dir/47.404781,-0.120657/47.404781,-0.120657"
483,Longué,exit,True,NO_ORIGIN,,0.0,,"https://www.google.com/maps/dir/47.404781,-0.120657/47.404781,-0.120657"
484,LONGUE-JUMELLES,entry,True,NO_ORIGIN,,0.0,,"https://www.google.com/maps/dir/47.404781,-0.120657/47.404781,-0.120657"
484,LONGUE-JUMELLES,exit,True,NO_ORIGIN,,0.0,,"https://www.google.com/maps/dir/47.404781,-0.120657/47.404781,-0.120657"
485,Loriol,entry,False,NO_ORIGIN,,0.0,,"https://www.google.com/maps/dir/44.759013,4.794766/44.759013,4.794766"
485,Loriol,exit,False,NO_ORIGIN,,0.0,,"https://www.google.com/maps/dir/44.759013,4.794766/44.759013,4.794766"
486,Lormont,entry,False,NO_ORIGIN,,0.0,,"https://www.google.com/maps/dir/44.891576,-0.501575/44.891576,-0.501575"
486,Lormont,exit,False,NO_ORIGIN,,0.0,,"https://www.google.com/maps/dir/44.891576,-0.501575/44.891576,-0.501575"
487,Luigny,entry,True,NO_ORIGIN,,0.0,,"https://www.google.com/maps/dir/48.232218,1.032858/48.232218,1.032858"
487,Luigny,exit,True,NO_ORIGIN,,0.0,,"https://www.google.com/maps/dir/48.232218,1.032858/48.232218,1.032858"
488,Lunel,entry,True,NO_ORIGIN,,0.0,,"https://www.google.com/maps/dir/43.702040,4.115252/43.702040,4.115252"
488,Lunel,exit,True,NO_ORIGIN,,0.0,,"https://www.google.com/maps/dir/43.702040,4.115252/43.702040,4.115252"
489,LUSSE,entry,False,NO_ORIGIN,,0.0,,"https://www.google.com/maps/dir/48.292162,7.084571/48.292162,7.084571"
489,LUSSE,exit,False,NO_ORIGIN,,0.0,,"https://www.google.com/maps/dir/48.292162,7.084571/48.292162,7.084571"
490,L’Arbresle,entry,False,NO_ORIGIN,,0.0,,"https://www.google.com/maps/dir/45.853516,4.662748/45.853516,4.662748"
490,L’Arbresle,exit,False,NO_ORIGIN,,0.0,,"https://www.google.com/maps/dir/45.853516,4.662748/45.853516,4.662748"
491,L’Isle-sur-le-Doubs,entry,True,NO_ORIGIN,,0.0,,"https://www.google.com/maps/dir/47.416146,6.581138/47.416146,6.581138"
491,L’Isle-sur-le-Doubs,exit,True,NO_ORIGIN,,0.0,,"https://www.google.com/maps/dir/47.416146,6.581138/47.416146,6.581138"
492,L’Union,entry,False,NO_ORIGIN,,0.0,,"https://www.google.com/maps/dir/43.643907,1.496868/43.643907,1.496868"
492,L’Union,exit,False,NO_ORIGIN,,0.0,,"https://www.google.com/maps/dir/43.643907,1.496868/43.643907,1.496868"
493,Mâcon centre,entry,False,NO_ORIGIN,,0.0,,"https://www.google.com/maps/dir/46.339170,4.849334/46.339170,4.849334"
493,Mâcon centre,exit,False,NO_ORIGIN,,0.0,,"https://www.google.com/maps/dir/46.339170,4.849334/46.339170,4.849334"
494,Mâcon nord,entry,True,NO_ORIGIN,,0.0,,"https://www.google.com/maps/dir/46.369218,4.836737/46.369218,4.836737"
494,Mâcon nord,exit,True,NO_ORIGIN,,0.0,,"https://www.google.com/maps/dir/46.369218,4.836737/46.369218,4.836737"
495,MACON SUD,entry,True,NO_ORIGIN,,0.0,,"https://www.google.com/maps/dir/46.285536,4.789626/46.285536,4.789626"
495,MACON SUD,exit,True,NO_ORIGIN,,0.0,,"https://www.google.com/maps/dir/46.285536,4.789626/46.285536,4.789626"
496,Magesq,entry,False,NO_ORIGIN,,0.0,,"https://www.google.com/maps/dir/43.772762,-1.209814/43.772762,-1.209814"
496,Magesq,exit,False,NO_ORIGIN,,0.0,,"https://www.google.com/maps/dir/43.772762,-1.209814/43.772762,-1.209814"
497,Magesq,entry,False,NO_ORIGIN,,0.0,,"https://www.google.com/maps/dir/43.777051,-1.212701/43.777051,-1.212701"
497,Magesq,exit,False,NO_ORIGIN,,0.0,,"https://www.google.com/maps/dir/43.777051,-1.212701/43.777051,-1.212701"
498,Magnant,entry,True,NO_ORIGIN,,0.0,,"https://www.google.com/maps/dir/48.176059,4.444535/48.176059,4.444535"
498,Magnant,exit,True,NO_ORIGIN,,0.0,,"https://www.google.com/maps/dir/48.176059,4.444535/48.176059,4.444535"
499,Mandelieu,entry,False,NO_ORIGIN,,0.0,,"https://www.google.com/maps/dir/43.544479,6.940047/43.544479,6.940047"
499,Mandelieu,exit,False,NO_ORIGIN,,0.0,,"https://www.google.com/maps/dir/43.544479,6.940047/43.544479,6.940047"
500,Manosque,entry,True,NO_ORIGIN,,0.0,,"https://www.google.com/maps/dir/43.805229,5.816285/43.805229,5.816285"
500,Manosque,exit,True,NO_ORIGIN,,0.0,,"https://www.google.com/maps/dir/43.805229,5.816285/43.805229,5.816285"
501,Mansac Terrasson,entry,True,NO_ORIGIN,,0.0,,"https://www.google.com/maps/dir/45.153918,1.378682/45.153918,1.378682"
501,Mansac Terrasson,exit,True,NO_ORIGIN,,0.0,,"https://www.google.com/maps/dir/45.153918,1.378682/45.153918,1.378682"
502,Manzat,entry,True,NO_ORIGIN,,0.0,,"https://www.google.com/maps/dir/45.956763,2.992212/45.956763,2.992212"
502,Manzat,exit,True,NO_ORIGIN,,0.0,,"https://www.google.com/maps/dir/45.956763,2.992212/45.956763,2.992212"
503,MANZAT,entry,True,NO_ORIGIN,,0.0,,"https://www.google.com/maps/dir/45.956763,2.992212/45.956763,2.992212"
503,MANZAT,exit,True,NO_ORIGIN,,0.0,,"https://www.google.com/maps/dir/45.956763,2.992212/45.956763,2.992212"
504,Marennes,entry,False,NO_ORIGIN,,0.0,,"https://www.google.com/maps/dir/45.644638,4.909166/45.644638,4.909166"
504,Marennes,exit,False,NO_ORIGIN,,0.0,,"https://www.google.com/maps/dir/45.644638,4.909166/45.644638,4.909166"
505,Maresché,entry,True,NO_ORIGIN,,0.0,,"https://www.google.com/maps/dir/48.193719,0.172052/48.193719,0.172052"
505,Maresché,exit,True,NO_ORIGIN,,0.0,,"https://www.google.com/maps/dir/48.193719,0.172052/48.193719,0.172052"
506,Marmande,entry,True,NO_ORIGIN,,0.0,,"https://www.google.com/maps/dir/44.430826,0.135469/44.430826,0.135469"
506,Marmande,exit,True,NO_ORIGIN,,0.0,,"https://www.google.com/maps/dir/44.430826,0.135469/44.430826,0.135469"
507,Marolles-sur-Seine,entry,True,NO_ORIGIN,,0.0,,"https://www.google.com/maps/dir/48.376497,3.021111/48.376497,3.021111"
507,Marolles-sur-Seine,exit,True,NO_ORIGIN,,0.0,,"https://www.google.com/maps/dir/48.376497,3.021111/48.376497,3.021111"
508,MARQUION,entry,False,NO_ORIGIN,,0.0,,"https://www.google.com/maps/dir/50.195564,3.104388/50.195564,3.104388"
508,MARQUION,exit,False,NO_ORIGIN,,0.0,,"https://www.google.com/maps/dir/50.195564,3.104388/50.195564,3.104388"
509,Martel,entry,False,NO_ORIGIN,,0.0,,"https://www.google.com/maps/dir/44.993313,1.531589/44.993313,1.531589"
509,Martel,exit,False,NO_ORIGIN,,0.0,,"https://www.google.com/maps/dir/44.993313,1.531589/44.993313,1.531589"
510,Péage des Martres-d’Artière,entry,True,NO_ORIGIN,,0.0,,"https://www.google.com/maps/dir/45.827787,3.241453/45.827787,3.241453"
510,Péage des Martres-d’Artière,exit,True,NO_ORIGIN,,0.0,,"https://www.google.com/maps/dir/45.827787,3.241453/45.827787,3.241453"
511,Martres-Tolosane,entry,False,NO_ORIGIN,,0.0,,"https://www.google.com/maps/dir/43.208765,1.026310/43.208765,1.026310"
511,Martres-Tolosane,exit,False,NO_ORIGIN,,0.0,,"https://www.google.com/maps/dir/43.208765,1.026310/43.208765,1.026310"
512,MASNIÈRES,entry,True,NO_ORIGIN,,0.0,,"https://www.google.com/maps/dir/50.070085,3.176959/50.070085,3.176959"
512,MASNIÈRES,exit,True,NO_ORIGIN,,0.0,,"https://www.google.com/maps/dir/50.070085,3.176959/50.070085,3.176959"
513,Mazères-Saverdun,entry,True,NO_ORIGIN,,0.0,,"https://www.google.com/maps/dir/43.235268,1.641401/43.235268,1.641401"
513,Mazères-Saverdun,exit,True,NO_ORIGIN,,0.0,,"https://www.google.com/maps/dir/43.235268,1.641401/43.235268,1.641401"
514,MEAUX / CRECY,entry,False,NO_ORIGIN,,0.0,,"https://www.google.com/maps/dir/48.873309,2.867400/48.873309,2.867400"
514,MEAUX / CRECY,exit,False,NO_ORIGIN,,0.0,,"https://www.google.com/maps/dir/48.873309,2.867400/48.873309,2.867400"
515,Menton,entry,False,NO_ORIGIN,,0.0,,"https://www.google.com/maps/dir/43.797110,7.482847/43.797110,7.482847"
515,Menton,exit,False,NO_ORIGIN,,0.0,,"https://www.google.com/maps/dir/43.797110,7.482847/43.797110,7.482847"
516,MER,entry,True,NO_ORIGIN,,0.0,,"https://www.google.com/maps/dir/47.730753,1.506425/47.730753,1.506425"
516,MER,exit,True,NO_ORIGIN,,0.0,,"https://www.google.com/maps/dir/47.730753,1.506425/47.730753,1.506425"
517,MÉRU,entry,True,NO_ORIGIN,,0.0,,"https://www.google.com/maps/dir/49.208522,2.159950/49.208522,2.159950"
517,MÉRU,exit,True,NO_ORIGIN,,0.0,,"https://www.google.com/maps/dir/49.208522,2.159950/49.208522,2.159950"
518,METZ,entry,True,NO_ORIGIN,,0.0,,"https://www.google.com/maps/dir/49.198831,5.924117/49.198831,5.924117"
518,METZ,exit,True,NO_ORIGIN,,0.0,,"https://www.google.com/maps/dir/49.198831,5.924117/49.198831,5.924117"
519,MEUNG,entry,True,NO_ORIGIN,,0.0,,"https://www.google.com/maps/dir/47.833865,1.665746/47.833865,1.665746"
519,MEUNG,exit,True,NO_ORIGIN,,0.0,,"https://www.google.com/maps/dir/47.833865,1.665746/47.833865,1.665746"
520,Meung-sur-Loire,entry,True,NO_ORIGIN,,0.0,,"https://www.google.com/maps/dir/47.833865,1.665746/47.833865,1.665746"
520,Meung-sur-Loire,exit,True,NO_ORIGIN,,0.0,,"https://www.google.com/maps/dir/47.833865,1.665746/47.833865,1.665746"
521,MIONNAY,entry,True,NO_ORIGIN,,0.0,,"https://www.google.com/maps/dir/45.882969,4.898945/45.882969,4.898945"
521,MIONNAY,exit,True,NO_ORIGIN,,0.0,,"https://www.google.com/maps/dir/45.882969,4.898945/45.882969,4.898945"
522,Mions,entry,False,NO_ORIGIN,,0.0,,"https://www.google.com/maps/dir/45.671210,4.937231/45.671210,4.937231"
522,Mions,exit,False,NO_ORIGIN,,0.0,,"https://www.google.com/maps/dir/45.671210,4.937231/45.671210,4.937231"
523,MIRAMBEAU,entry,True,NO_ORIGIN,,0.0,,"https://www.google.com/maps/dir/45.370436,-0.592603/45.370436,-0.592603"
523,MIRAMBEAU,exit,True,NO_ORIGIN,,0.0,,"https://www.google.com/maps/dir/45.370436,-0.592603/45.370436,-0.592603"
524,Modane (vers l’Italie),entry,False,NO_ORIGIN,,0.0,,"https://www.google.com/maps/dir/45.196015,6.621178/45.196015,6.621178"
524,Modane (vers l’Italie),exit,False,NO_ORIGIN,,0.0,,"https://www.google.com/maps/dir/45.196015,6.621178/45.196015,6.621178"
525,MOIRANS,entry,False,NO_ORIGIN,,0.0,,"https://www.google.com/maps/dir/45.320111,5.607592/45.320111,5.607592"
525,MOIRANS,exit,False,NO_ORIGIN,,0.0,,"https://www.google.com/maps/dir/45.320111,5.607592/45.320111,5.607592"
526,MOIRANS NORD,entry,True,NO_ORIGIN,,0.0,,"https://www.google.com/maps/dir/45.323327,5.603071/45.323327,5.603071"
526,MOIRANS NORD,exit,True,NO_ORIGIN,,0.0,,"https://www.google.com/maps/dir/45.323327,5.603071/45.323327,5.603071"
527,Molinet,entry,False,NO_ORIGIN,,0.0,,"https://www.google.com/maps/dir/46.464140,3.937277/46.464140,3.937277"
527,Molinet,exit,False,NO_ORIGIN,,0.0,,"https://www.google.com/maps/dir/46.464140,3.937277/46.464140,3.937277"
528,Molinet Est,entry,True,NO_ORIGIN,,0.0,,"https://www.google.com/maps/dir/46.463282,3.977299/46.463282,3.977299"
528,Molinet Est,exit,True,NO_ORIGIN,,0.0,,"https://www.google.com/maps/dir/46.463282,3.977299/46.463282,3.977299"
529,Molinet Ouest,entry,True,NO_ORIGIN,,0.0,,"https://www.google.com/maps/dir/46.456247,3.904241/46.456247,3.904241"
529,Molinet Ouest,exit,True,NO_ORIGIN,,0.0,,"https://www.google.com/maps/dir/46.456247,3.904241/46.456247,3.904241"
530,Monaco,entry,True,NO_ORIGIN,,0.0,,"https://www.google.com/maps/dir/43.745118,7.367040/43.745118,7.367040"
530,Monaco,exit,True,NO_ORIGIN,,0.0,,"https://www.google.com/maps/dir/43.745118,7.367040/43.745118,7.367040"
531,Monaco,entry,True,NO_ORIGIN,,0.0,,"https://www.google.com/maps/dir/43.745118,7.367040/43.745118,7.367040"
531,Monaco,exit,True,NO_ORIGIN,,0.0,,"https://www.google.com/maps/dir/43.745118,7.367040/43.745118,7.367040"
532,Péage de Monnaie,entry,False,NO_ORIGIN,,0.0,,"https://www.google.com/maps/dir/47.491488,0.824575/47.491488,0.824575"
532,Péage de Monnaie,exit,False,NO_ORIGIN,,0.0,,"https://www.google.com/maps/dir/47.491488,0.824575/47.491488,0.824575"
533,MONT-CHOISY,entry,True,NO_ORIGIN,,0.0,,"https://www.google.com/maps/dir/48.909762,4.287976/48.909762,4.287976"
533,MONT-CHOISY,exit,True,NO_ORIGIN,,0.0,,"https://www.google.com/maps/dir/48.909762,4.287976/48.909762,4.287976"
534,Montabon,entry,True,NO_ORIGIN,,0.0,,"https://www.google.com/maps/dir/47.688435,0.364405/47.688435,0.364405"
534,Montabon,exit,True,NO_ORIGIN,,0.0,,"https://www.google.com/maps/dir/47.688435,0.364405/47.688435,0.364405"
535,Montaigu,entry,True,NO_ORIGIN,,0.0,,"https://www.google.com/maps/dir/46.961716,-1.358075/46.961716,-1.358075"
535,Montaigu,exit,True,NO_ORIGIN,,0.0,,"https://www.google.com/maps/dir/46.961716,-1.358075/46.961716,-1.358075"
536,Montastruc,entry,False,NO_ORIGIN,,0.0,,"https://www.google.com/maps/dir/43.717915,1.566481/43.717915,1.566481"
536,Montastruc,exit,False,NO_ORIGIN,,0.0,,"https://www.google.com/maps/dir/43.717915,1.566481/43.717915,1.566481"
537,Montauban,entry,True,NO_ORIGIN,,0.0,,"https://www.google.com/maps/dir/43.927304,1.309753/43.927304,1.309753"
537,Montauban,exit,True,NO_ORIGIN,,0.0,,"https://www.google.com/maps/dir/43.927304,1.309753/43.927304,1.309753"
538,Montauban nord,entry,False,NO_ORIGIN,,0.0,,"https://www.google.com/maps/dir/44.045332,1.393474/44.045332,1.393474"
538,Montauban nord,exit,False,NO_ORIGIN,,0.0,,"https://www.google.com/maps/dir/44.045332,1.393474/44.045332,1.393474"
539,Péage de Montauban nord,entry,True,NO_ORIGIN,,0.0,,"https://www.google.com/maps/dir/44.052535,1.410307/44.052535,1.410307"
539,Péage de Montauban nord,exit,True,NO_ORIGIN,,0.0,,"https://www.google.com/maps/dir/44.052535,1.410307/44.052535,1.410307"
540,Montaudran,entry,False,NO_ORIGIN,,0.0,,"https://www.google.com/maps/dir/43.571187,1.494812/43.571187,1.494812"
540,Montaudran,exit,False,NO_ORIGIN,,0.0,,"https://www.google.com/maps/dir/43.571187,1.494812/43.571187,1.494812"
541,Montbeugny,entry,True,NO_ORIGIN,,0.0,,"https://www.google.com/maps/dir/46.530697,3.468401/46.530697,3.468401"
541,Montbeugny,exit,True,NO_ORIGIN,,0.0,,"https://www.google.com/maps/dir/46.530697,3.468401/46.530697,3.468401"
542,Montbeugny Est,entry,True,NO_ORIGIN,,0.0,,"https://www.google.com/maps/dir/46.516328,3.469008/46.516328,3.469008"
542,Montbeugny Est,exit,True,NO_ORIGIN,,0.0,,"https://www.google.com/maps/dir/46.516328,3.469008/46.516328,3.469008"
543,Montbeugny Ouest,entry,True,NO_ORIGIN,,0.0,,"https://www.google.com/maps/dir/46.504332,3.426193/46.504332,3.426193"
543,Montbeugny Ouest,exit,True,NO_ORIGIN,,0.0,,"https://www.google.com/maps/dir/46.504332,3.426193/46.504332,3.426193"
544,Montbrison Montrond,entry,True,NO_ORIGIN,,0.0,,"https://www.google.com/maps/dir/45.638838,4.190289/45.638838,4.190289"
544,Montbrison Montrond,exit,True,NO_ORIGIN,,0.0,,"https://www.google.com/maps/dir/45.638838,4.190289/45.638838,4.190289"
545,Montélimar nord,entry,True,NO_ORIGIN,,0.0,,"https://www.google.com/maps/dir/44.670195,4.797178/44.670195,4.797178"
545,Montélimar nord,exit,True,NO_ORIGIN,,0.0,,"https://www.google.com/maps/dir/44.670195,4.797178/44.670195,4.797178"
546,Montélimar sud,entry,True,NO_ORIGIN,,0.0,,"https://www.google.com/maps/dir/44.480728,4.766753/44.480728,4.766753"
546,Montélimar sud,exit,True,NO_ORIGIN,,0.0,,"https://www.google.com/maps/dir/44.480728,4.766753/44.480728,4.766753"
547,PEAGE DE MONTESSON,entry,True,NO_ORIGIN,,0.0,,"https://www.google.com/maps/dir/48.913483,2.160400/48.913483,2.160400"
547,PEAGE DE MONTESSON,exit,True,NO_ORIGIN,,0.0,,"https://www.google.com/maps/dir/48.913483,2.160400/48.913483,2.160400"
548,Montgiscard,entry,True,NO_ORIGIN,,0.0,,"https://www.google.com/maps/dir/43.460668,1.584074/43.460668,1.584074"
548,Montgiscard,exit,True,NO_ORIGIN,,0.0,,"https://www.google.com/maps/dir/43.460668,1.584074/43.460668,1.584074"
549,Montigny-le-Roi,entry,True,NO_ORIGIN,,0.0,,"https://www.google.com/maps/dir/47.993645,5.512726/47.993645,5.512726"
549,Montigny-le-Roi,exit,True,NO_ORIGIN,,0.0,,"https://www.google.com/maps/dir/47.993645,5.512726/47.993645,5.512726"
550,Péage de Montluçon,entry,True,NO_ORIGIN,,0.0,,"https://www.google.com/maps/dir/46.396747,2.714841/46.396747,2.714841"
550,Péage de Montluçon,exit,True,NO_ORIGIN,,0.0,,"https://www.google.com/maps/dir/46.396747,2.714841/46.396747,2.714841"
551,MONTLUCON,entry,True,NO_ORIGIN,,0.0,,"https://www.google.com/maps/dir/46.396747,2.714841/46.396747,2.714841"
551,MONTLUCON,exit,True,NO_ORIGIN,,0.0,,"https://www.google.com/maps/dir/46.396747,2.714841/46.396747,2.714841"
552,MONTMARAULT,entry,True,NO_ORIGIN,,0.0,,"https://www.google.com/maps/dir/46.329160,2.951211/46.329160,2.951211"
552,MONTMARAULT,exit,True,NO_ORIGIN,,0.0,,"https://www.google.com/maps/dir/46.329160,2.951211/46.329160,2.951211"
553,Montmélian,entry,True,NO_ORIGIN,,0.0,,"https://www.google.com/maps/dir/45.492861,6.054523/45.492861,6.054523"
553,Montmélian,exit,True,NO_ORIGIN,,0.0,,"https://www.google.com/maps/dir/45.492861,6.054523/45.492861,6.054523"
554,Montpellier est,entry,True,NO_ORIGIN,,0.0,,"https://www.google.com/maps/dir/43.608376,3.935343/43.608376,3.935343"
554,Montpellier est,exit,True,NO_ORIGIN,,0.0,,"https://www.google.com/maps/dir/43.608376,3.935343/43.608376,3.935343"
555,Montpellier ouest,entry,False,NO_ORIGIN,,0.0,,"https://www.google.com/maps/dir/43.575184,3.876947/43.575184,3.876947"
555,Montpellier ouest,exit,False,NO_ORIGIN,,0.0,,"https://www.google.com/maps/dir/43.575184,3.876947/43.575184,3.876947"
556,Péage de Montpellier St-Jean,entry,False,NO_ORIGIN,,0.0,,"https://www.google.com/maps/dir/43.562098,3.829970/43.562098,3.829970"
556,Péage de Montpellier St-Jean,exit,False,NO_ORIGIN,,0.0,,"https://www.google.com/maps/dir/43.562098,3.829970/43.562098,3.829970"
557,Montpellier sud,entry,False,NO_ORIGIN,,0.0,,"https://www.google.com/maps/dir/43.587375,3.893936/43.587375,3.893936"
557,Montpellier sud,exit,False,NO_ORIGIN,,0.0,,"https://www.google.com/maps/dir/43.587375,3.893936/43.587375,3.893936"
558,Montpon-Ménestérol,entry,True,NO_ORIGIN,,0.0,,"https://www.google.com/maps/dir/44.983151,0.154370/44.983151,0.154370"
558,Montpon-Ménestérol,exit,True,NO_ORIGIN,,0.0,,"https://www.google.com/maps/dir/44.983151,0.154370/44.983151,0.154370"
559,Montréjeau,entry,True,NO_ORIGIN,,0.0,,"https://www.google.com/maps/dir/43.103614,0.594479/43.103614,0.594479"
559,Montréjeau,exit,True,NO_ORIGIN,,0.0,,"https://www.google.com/maps/dir/43.103614,0.594479/43.103614,0.594479"
560,MONTREUIL (REIMS),entry,True,NO_ORIGIN,,0.0,,"https://www.google.com/maps/dir/49.010988,3.148058/49.010988,3.148058"
560,MONTREUIL (REIMS),exit,True,NO_ORIGIN,,0.0,,"https://www.google.com/maps/dir/49.010988,3.148058/49.010988,3.148058"
561,Péage de Montreuil-aux-Lions,entry,True,NO_ORIGIN,,0.0,,"https://www.google.com/maps/dir/49.011517,3.150506/49.011517,3.150506"
561,Péage de Montreuil-aux-Lions,exit,True,NO_ORIGIN,,0.0,,"https://www.google.com/maps/dir/49.011517,3.150506/49.011517,3.150506"
562,MONTREUIL AUX LIONS,entry,True,NO_ORIGIN,,0.0,,"https://www.google.com/maps/dir/49.011231,3.148128/49.011231,3.148128"
562,MONTREUIL AUX LIONS,exit,True,NO_ORIGIN,,0.0,,"https://www.google.com/maps/dir/49.011231,3.148128/49.011231,3.148128"
563,Montreuil-Reims,entry,True,NO_ORIGIN,,0.0,,"https://www.google.com/maps/dir/49.011231,3.148128/49.011231,3.148128"
563,Montreuil-Reims,exit,True,NO_ORIGIN,,0.0,,"https://www.google.com/maps/dir/49.011231,3.148128/49.011231,3.148128"
564,MONTS-SORIGNY,entry,False,NO_ORIGIN,,0.0,,"https://www.google.com/maps/dir/47.255483,0.665549/47.255483,0.665549"
564,MONTS-SORIGNY,exit,False,NO_ORIGIN,,0.0,,"https://www.google.com/maps/dir/47.255483,0.665549/47.255483,0.665549"
565,MORTRÉE,entry,False,NO_ORIGIN,,0.0,,"https://www.google.com/maps/dir/48.644265,0.086887/48.644265,0.086887"
565,MORTRÉE,exit,False,NO_ORIGIN,,0.0,,"https://www.google.com/maps/dir/48.644265,0.086887/48.644265,0.086887"
566,Mougins,entry,False,NO_ORIGIN,,0.0,,"https://www.google.com/maps/dir/43.585970,7.003085/43.585970,7.003085"
566,Mougins,exit,False,NO_ORIGIN,,0.0,,"https://www.google.com/maps/dir/43.585970,7.003085/43.585970,7.003085"
567,Mouguerre Bourg,entry,False,NO_ORIGIN,,0.0,,"https://www.google.com/maps/dir/43.464287,-1.427377/43.464287,-1.427377"
567,Mouguerre Bourg,exit,False,NO_ORIGIN,,0.0,,"https://www.google.com/maps/dir/43.464287,-1.427377/43.464287,-1.427377"
568,Mouguerre Elizaberry,entry,False,NO_ORIGIN,,0.0,,"https://www.google.com/maps/dir/43.451181,-1.382134/43.451181,-1.382134"
568,Mouguerre Elizaberry,exit,False,NO_ORIGIN,,0.0,,"https://www.google.com/maps/dir/43.451181,-1.382134/43.451181,-1.382134"
569,Moulis,entry,False,NO_ORIGIN,,0.0,,"https://www.google.com/maps/dir/43.938338,1.321258/43.938338,1.321258"
569,Moulis,exit,False,NO_ORIGIN,,0.0,,"https://www.google.com/maps/dir/43.938338,1.321258/43.938338,1.321258"
570,Mousserolles,entry,False,NO_ORIGIN,,0.0,,"https://www.google.com/maps/dir/43.475928,-1.439686/43.475928,-1.439686"
570,Mousserolles,exit,False,NO_ORIGIN,,0.0,,"https://www.google.com/maps/dir/43.475928,-1.439686/43.475928,-1.439686"
571,Peage de Muret,entry,True,NO_ORIGIN,,0.0,,"https://www.google.com/maps/dir/43.505660,1.351837/43.505660,1.351837"
571,Peage de Muret,exit,True,NO_ORIGIN,,0.0,,"https://www.google.com/maps/dir/43.505660,1.351837/43.505660,1.351837"
572,Muret nord,entry,False,NO_ORIGIN,,0.0,,"https://www.google.com/maps/dir/43.474325,1.319397/43.474325,1.319397"
572,Muret nord,exit,False,NO_ORIGIN,,0.0,,"https://www.google.com/maps/dir/43.474325,1.319397/43.474325,1.319397"
573,Mûrs-Érigné,entry,False,NO_ORIGIN,,0.0,,"https://www.google.com/maps/dir/47.393024,-0.540297/47.393024,-0.540297"
573,Mûrs-Érigné,exit,False,NO_ORIGIN,,0.0,,"https://www.google.com/maps/dir/47.393024,-0.540297/47.393024,-0.540297"
574,Péage de Mussidan,entry,False,NO_ORIGIN,,0.0,,"https://www.google.com/maps/dir/45.065466,0.429724/45.065466,0.429724"
574,Péage de Mussidan,exit,False,NO_ORIGIN,,0.0,,"https://www.google.com/maps/dir/45.065466,0.429724/45.065466,0.429724"
575,Mussidan est,entry,False,NO_ORIGIN,,0.0,,"https://www.google.com/maps/dir/45.063528,0.427493/45.063528,0.427493"
575,Mussidan est,exit,False,NO_ORIGIN,,0.0,,"https://www.google.com/maps/dir/45.063528,0.427493/45.063528,0.427493"
576,Mussidan sud,entry,False,NO_ORIGIN,,0.0,,"https://www.google.com/maps/dir/45.010530,0.377259/45.010530,0.377259"
576,Mussidan sud,exit,False,NO_ORIGIN,,0.0,,"https://www.google.com/maps/dir/45.010530,0.377259/45.010530,0.377259"
577,MYENNES,entry,True,NO_ORIGIN,,0.0,,"https://www.google.com/maps/dir/47.437544,2.940581/47.437544,2.940581"
577,MYENNES,exit,True,NO_ORIGIN,,0.0,,"https://www.google.com/maps/dir/47.437544,2.940581/47.437544,2.940581"
578,Nailloux,entry,True,NO_ORIGIN,,0.0,,"https://www.google.com/maps/dir/43.386258,1.623313/43.386258,1.623313"
578,Nailloux,exit,True,NO_ORIGIN,,0.0,,"https://www.google.com/maps/dir/43.386258,1.623313/43.386258,1.623313"
579,NANTES,entry,True,NO_ORIGIN,,0.0,,"https://www.google.com/maps/dir/47.400840,-1.194432/47.400840,-1.194432"
579,NANTES,exit,True,NO_ORIGIN,,0.0,,"https://www.google.com/maps/dir/47.400840,-1.194432/47.400840,-1.194432"
580,NANTES,entry,False,NO_ORIGIN,,0.0,,"https://www.google.com/maps/dir/47.270021,-1.559258/47.270021,-1.559258"
580,NANTES,exit,False,NO_ORIGIN,,0.0,,"https://www.google.com/maps/dir/47.270021,-1.559258/47.270021,-1.559258"
581,NANTES,entry,False,NO_ORIGIN,,0.0,,"https://www.google.com/maps/dir/47.291283,-1.476359/47.291283,-1.476359"
581,NANTES,exit,False,NO_ORIGIN,,0.0,,"https://www.google.com/maps/dir/47.291283,-1.476359/47.291283,-1.476359"
582,Narbonne est,entry,True,NO_ORIGIN,,0.0,,"https://www.google.com/maps/dir/43.176074,3.033126/43.176074,3.033126"
582,Narbonne est,exit,True,NO_ORIGIN,,0.0,,"https://www.google.com/maps/dir/43.176074,3.033126/43.176074,3.033126"
583,Narbonne sud,entry,True,NO_ORIGIN,,0.0,,"https://www.google.com/maps/dir/43.155119,2.988830/43.155119,2.988830"
583,Narbonne sud,exit,True,NO_ORIGIN,,0.0,,"https://www.google.com/maps/dir/43.155119,2.988830/43.155119,2.988830"
584,NÉCY,entry,False,NO_ORIGIN,,0.0,,"https://www.google.com/maps/dir/48.819990,-0.132301/48.819990,-0.132301"
584,NÉCY,exit,False,NO_ORIGIN,,0.0,,"https://www.google.com/maps/dir/48.819990,-0.132301/48.819990,-0.132301"
585,NEMOURS,entry,True,NO_ORIGIN,,0.0,,"https://www.google.com/maps/dir/48.275306,2.710381/48.275306,2.710381"
585,NEMOURS,exit,True,NO_ORIGIN,,0.0,,"https://www.google.com/maps/dir/48.275306,2.710381/48.275306,2.710381"
586,Nespouls,entry,True,NO_ORIGIN,,0.0,,"https://www.google.com/maps/dir/44.998877,1.529343/44.998877,1.529343"
586,Nespouls,exit,True,NO_ORIGIN,,0.0,,"https://www.google.com/maps/dir/44.998877,1.529343/44.998877,1.529343"
587,NEUFCHÂTEL-EN-BRAY,entry,True,NO_ORIGIN,,0.0,,"https://www.google.com/maps/dir/49.743680,1.656198/49.743680,1.656198"
587,NEUFCHÂTEL-EN-BRAY,exit,True,NO_ORIGIN,,0.0,,"https://www.google.com/maps/dir/49.743680,1.656198/49.743680,1.656198"
588,NEUFCHÂTEL-HARDELOT,entry,True,NO_ORIGIN,,0.0,,"https://www.google.com/maps/dir/50.610750,1.655942/50.610750,1.655942"
588,NEUFCHÂTEL-HARDELOT,exit,True,NO_ORIGIN,,0.0,,"https://www.google.com/maps/dir/50.610750,1.655942/50.610750,1.655942"
589,NEUILLE-PONT-PIERRE,entry,True,NO_ORIGIN,,0.0,,"https://www.google.com/maps/dir/47.554568,0.598665/47.554568,0.598665"
589,NEUILLE-PONT-PIERRE,exit,True,NO_ORIGIN,,0.0,,"https://www.google.com/maps/dir/47.554568,0.598665/47.554568,0.598665"
590,Nice Aéroport,entry,False,NO_ORIGIN,,0.0,,"https://www.google.com/maps/dir/43.674947,7.197442/43.674947,7.197442"
590,Nice Aéroport,exit,False,NO_ORIGIN,,0.0,,"https://www.google.com/maps/dir/43.674947,7.197442/43.674947,7.197442"
591,Nice-est,entry,False,NO_ORIGIN,,0.0,,"https://www.google.com/maps/dir/43.733092,7.291479/43.733092,7.291479"
591,Nice-est,exit,False,NO_ORIGIN,,0.0,,"https://www.google.com/maps/dir/43.733092,7.291479/43.733092,7.291479"
592,Nice-ouest,entry,False,NO_ORIGIN,,0.0,,"https://www.google.com/maps/dir/43.668557,7.198904/43.668557,7.198904"
592,Nice-ouest,exit,False,NO_ORIGIN,,0.0,,"https://www.google.com/maps/dir/43.668557,7.198904/43.668557,7.198904"
593,Nice quartier-nord,entry,False,NO_ORIGIN,,0.0,,"https://www.google.com/maps/dir/43.729921,7.258270/43.729921,7.258270"
593,Nice quartier-nord,exit,False,NO_ORIGIN,,0.0,,"https://www.google.com/maps/dir/43.729921,7.258270/43.729921,7.258270"
594,Nice St-Isidore,entry,False,NO_ORIGIN,,0.0,,"https://www.google.com/maps/dir/43.706912,7.191106/43.706912,7.191106"
594,Nice St-Isidore,exit,False,NO_ORIGIN,,0.0,,"https://www.google.com/maps/dir/43.706912,7.191106/43.706912,7.191106"
595,Nîmes centre,entry,True,NO_ORIGIN,,0.0,,"https://www.google.com/maps/dir/43.803847,4.377450/43.803847,4.377450"
595,Nîmes centre,exit,True,NO_ORIGIN,,0.0,,"https://www.google.com/maps/dir/43.803847,4.377450/43.803847,4.377450"
596,Nîmes est,entry,True,NO_ORIGIN,,0.0,,"https://www.google.com/maps/dir/43.855782,4.425405/43.855782,4.425405"
596,Nîmes est,exit,True,NO_ORIGIN,,0.0,,"https://www.google.com/maps/dir/43.855782,4.425405/43.855782,4.425405"
597,Nîmes Garons,entry,True,NO_ORIGIN,,0.0,,"https://www.google.com/maps/dir/43.758752,4.426797/43.758752,4.426797"
597,Nîmes Garons,exit,True,NO_ORIGIN,,0.0,,"https://www.google.com/maps/dir/43.758752,4.426797/43.758752,4.426797"
598,Nîmes ouest,entry,True,NO_ORIGIN,,0.0,,"https://www.google.com/maps/dir/43.810819,4.348460/43.810819,4.348460"
598,Nîmes ouest,exit,True,NO_ORIGIN,,0.0,,"https://www.google.com/maps/dir/43.810819,4.348460/43.810819,4.348460"
599,NIORT EST,entry,True,NO_ORIGIN,,0.0,,"https://www.google.com/maps/dir/46.355855,-0.337893/46.355855,-0.337893"
599,NIORT EST,exit,True,NO_ORIGIN,,0.0,,"https://www.google.com/maps/dir/46.355855,-0.337893/46.355855,-0.337893"
600,NIORT NORD,entry,True,NO_ORIGIN,,0.0,,"https://www.google.com/maps/dir/46.413951,-0.396440/46.413951,-0.396440"
600,NIORT NORD,exit,True,NO_ORIGIN,,0.0,,"https://www.google.com/maps/dir/46.413951,-0.396440/46.413951,-0.396440"
601,NIORT OUEST,entry,True,NO_ORIGIN,,0.0,,"https://www.google.com/maps/dir/46.391189,-0.655616/46.391189,-0.655616"
601,NIORT OUEST,exit,True,NO_ORIGIN,,0.0,,"https://www.google.com/maps/dir/46.391189,-0.655616/46.391189,-0.655616"
602,NITRY,entry,True,NO_ORIGIN,,0.0,,"https://www.google.com/maps/dir/47.659904,3.884572/47.659904,3.884572"
602,NITRY,exit,True,NO_ORIGIN,,0.0,,"https://www.google.com/maps/dir/47.659904,3.884572/47.659904,3.884572"
603,Noirétable,entry,True,NO_ORIGIN,,0.0,,"https://www.google.com/maps/dir/45.853938,3.795042/45.853938,3.795042"
603,Noirétable,exit,True,NO_ORIGIN,,0.0,,"https://www.google.com/maps/dir/45.853938,3.795042/45.853938,3.795042"
604,NUITS-SAINT-GEORGES,entry,True,NO_ORIGIN,,0.0,,"https://www.google.com/maps/dir/47.128202,4.970750/47.128202,4.970750"
604,NUITS-SAINT-GEORGES,exit,True,NO_ORIGIN,,0.0,,"https://www.google.com/maps/dir/47.128202,4.970750/47.128202,4.970750"
605,Nuits-St-Georges,entry,True,NO_ORIGIN,,0.0,,"https://www.google.com/maps/dir/47.128202,4.970750/47.128202,4.970750"
605,Nuits-St-Georges,exit,True,NO_ORIGIN,,0.0,,"https://www.google.com/maps/dir/47.128202,4.970750/47.128202,4.970750"
606,NŒUX-LES-MINES,entry,True,NO_ORIGIN,,0.0,,"https://www.google.com/maps/dir/50.490197,2.684776/50.490197,2.684776"
606,NŒUX-LES-MINES,exit,True,NO_ORIGIN,,0.0,,"https://www.google.com/maps/dir/50.490197,2.684776/50.490197,2.684776"
607,OLIVET,entry,True,NO_ORIGIN,,0.0,,"https://www.google.com/maps/dir/47.841984,1.865230/47.841984,1.865230"
607,OLIVET,exit,True,NO_ORIGIN,,0.0,,"https://www.google.com/maps/dir/47.841984,1.865230/47.841984,1.865230"
608,Ollioules,entry,False,NO_ORIGIN,,0.0,,"https://www.google.com/maps/dir/43.125593,5.824707/43.125593,5.824707"
608,Ollioules,exit,False,NO_ORIGIN,,0.0,,"https://www.google.com/maps/dir/43.125593,5.824707/43.125593,5.824707"
609,Ondres,entry,False,NO_ORIGIN,,0.0,,"https://www.google.com/maps/dir/43.541565,-1.431747/43.541565,-1.431747"
609,Ondres,exit,False,NO_ORIGIN,,0.0,,"https://www.google.com/maps/dir/43.541565,-1.431747/43.541565,-1.431747"
610,ORANGE,entry,True,NO_ORIGIN,,0.0,,"https://www.google.com/maps/dir/44.129006,4.792255/44.129006,4.792255"
610,ORANGE,exit,True,NO_ORIGIN,,0.0,,"https://www.google.com/maps/dir/44.129006,4.792255/44.129006,4.792255"
611,Orange centre,entry,True,NO_ORIGIN,,0.0,,"https://www.google.com/maps/dir/44.128295,4.792583/44.128295,4.792583"
611,Orange centre,exit,True,NO_ORIGIN,,0.0,,"https://www.google.com/maps/dir/44.128295,4.792583/44.128295,4.792583"
612,Orange nord,entry,False,NO_ORIGIN,,0.0,,"https://www.google.com/maps/dir/44.180009,4.754069/44.180009,4.754069"
612,Orange nord,exit,False,NO_ORIGIN,,0.0,,"https://www.google.com/maps/dir/44.180009,4.754069/44.180009,4.754069"
613,Orange sud,entry,True,NO_ORIGIN,,0.0,,"https://www.google.com/maps/dir/44.109944,4.842889/44.109944,4.842889"
613,Orange sud,exit,True,NO_ORIGIN,,0.0,,"https://www.google.com/maps/dir/44.109944,4.842889/44.109944,4.842889"
614,Orbec,entry,False,NO_ORIGIN,,0.0,,"https://www.google.com/maps/dir/49.034403,0.443145/49.034403,0.443145"
614,Orbec,exit,False,NO_ORIGIN,,0.0,,"https://www.google.com/maps/dir/49.034403,0.443145/49.034403,0.443145"
615,ORBEC,entry,False,NO_ORIGIN,,0.0,,"https://www.google.com/maps/dir/49.033855,0.444498/49.033855,0.444498"
615,ORBEC,exit,False,NO_ORIGIN,,0.0,,"https://www.google.com/maps/dir/49.033855,0.444498/49.033855,0.444498"
616,ORLEANS-CENTRE,entry,False,NO_ORIGIN,,0.0,,"https://www.google.com/maps/dir/47.894725,1.853473/47.894725,1.853473"
616,ORLEANS-CENTRE,exit,False,NO_ORIGIN,,0.0,,"https://www.google.com/maps/dir/47.894725,1.853473/47.894725,1.853473"
617,Orléans nord,entry,True,NO_ORIGIN,,0.0,,"https://www.google.com/maps/dir/47.951475,1.849730/47.951475,1.849730"
617,Orléans nord,exit,True,NO_ORIGIN,,0.0,,"https://www.google.com/maps/dir/47.951475,1.849730/47.951475,1.849730"
618,ORMES,entry,True,NO_ORIGIN,,0.0,,"https://www.google.com/maps/dir/49.053831,4.286142/49.053831,4.286142"
618,ORMES,exit,True,NO_ORIGIN,,0.0,,"https://www.google.com/maps/dir/49.053831,4.286142/49.053831,4.286142"
619,Orthez,entry,True,NO_ORIGIN,,0.0,,"https://www.google.com/maps/dir/43.468768,-0.745419/43.468768,-0.745419"
619,Orthez,exit,True,NO_ORIGIN,,0.0,,"https://www.google.com/maps/dir/43.468768,-0.745419/43.468768,-0.745419"
620,Péage de Pamiers,entry,False,NO_ORIGIN,,0.0,,"https://www.google.com/maps/dir/43.154165,1.616032/43.154165,1.616032"
620,Péage de Pamiers,exit,False,NO_ORIGIN,,0.0,,"https://www.google.com/maps/dir/43.154165,1.616032/43.154165,1.616032"
621,Pamiers Nord,entry,False,NO_ORIGIN,,0.0,,"https://www.google.com/maps/dir/43.150290,1.616559/43.150290,1.616559"
621,Pamiers Nord,exit,False,NO_ORIGIN,,0.0,,"https://www.google.com/maps/dir/43.150290,1.616559/43.150290,1.616559"
622,Pamiers Sud,entry,False,NO_ORIGIN,,0.0,,"https://www.google.com/maps/dir/43.138422,1.624056/43.138422,1.624056"
622,Pamiers Sud,exit,False,NO_ORIGIN,,0.0,,"https://www.google.com/maps/dir/43.138422,1.624056/43.138422,1.624056"
623,Parages,entry,False,NO_ORIGIN,,0.0,,"https://www.google.com/maps/dir/43.981771,1.334835/43.981771,1.334835"
623,Parages,exit,False,NO_ORIGIN,,0.0,,"https://www.google.com/maps/dir/43.981771,1.334835/43.981771,1.334835"
624,PARIGNE-L'EVEQUE,entry,True,NO_ORIGIN,,0.0,,"https://www.google.com/maps/dir/47.954328,0.324484/47.954328,0.324484"
624,PARIGNE-L'EVEQUE,exit,True,NO_ORIGIN,,0.0,,"https://www.google.com/maps/dir/47.954328,0.324484/47.954328,0.324484"
625,Parigné-l’Évêque,entry,True,NO_ORIGIN,,0.0,,"https://www.google.com/maps/dir/47.954328,0.324484/47.954328,0.324484"
625,Parigné-l’Évêque,exit,True,NO_ORIGIN,,0.0,,"https://www.google.com/maps/dir/47.954328,0.324484/47.954328,0.324484"
626,PARIS (LA FOLIE BESSIN),entry,True,NO_ORIGIN,,0.0,,"https://www.google.com/maps/dir/48.675441,2.197344/48.675441,2.197344"
626,PARIS (LA FOLIE BESSIN),exit,True,NO_ORIGIN,,0.0,,"https://www.google.com/maps/dir/48.675441,2.197344/48.675441,2.197344"
627,PARIS (LA FOLIE BESSIN),entry,True,NO_ORIGIN,,0.0,,"https://www.google.com/maps/dir/48.569120,1.988783/48.569120,1.988783"
627,PARIS (LA FOLIE BESSIN),exit,True,NO_ORIGIN,,0.0,,"https://www.google.com/maps/dir/48.569120,1.988783/48.569120,1.988783"
628,PARIS / NOISY-LE-GRAND (péage de Coutevroult),entry,False,NO_ORIGIN,,0.0,,"https://www.google.com/maps/dir/48.853849,2.837918/48.853849,2.837918"
628,PARIS / NOISY-LE-GRAND (péage de Coutevroult),exit,False,NO_ORIGIN,,0.0,,"https://www.google.com/maps/dir/48.853849,2.837918/48.853849,2.837918"
629,PARIS / ROISSY (péage de Chamant),entry,True,NO_ORIGIN,,0.0,,"https://www.google.com/maps/dir/49.216009,2.627517/49.216009,2.627517"
629,PARIS / ROISSY (péage de Chamant),exit,True,NO_ORIGIN,,0.0,,"https://www.google.com/maps/dir/49.216009,2.627517/49.216009,2.627517"
630,Pas-de-Trets,entry,True,NO_ORIGIN,,0.0,,"https://www.google.com/maps/dir/43.384786,5.603533/43.384786,5.603533"
630,Pas-de-Trets,exit,True,NO_ORIGIN,,0.0,,"https://www.google.com/maps/dir/43.384786,5.603533/43.384786,5.603533"
631,Pau centre,entry,True,NO_ORIGIN,,0.0,,"https://www.google.com/maps/dir/43.330253,-0.345040/43.330253,-0.345040"
631,Pau centre,exit,True,NO_ORIGIN,,0.0,,"https://www.google.com/maps/dir/43.330253,-0.345040/43.330253,-0.345040"
632,Pellouailles-les-Vignes,entry,False,NO_ORIGIN,,0.0,,"https://www.google.com/maps/dir/47.518941,-0.428838/47.518941,-0.428838"
632,Pellouailles-les-Vignes,exit,False,NO_ORIGIN,,0.0,,"https://www.google.com/maps/dir/47.518941,-0.428838/47.518941,-0.428838"
633,Périgueux est,entry,False,NO_ORIGIN,,0.0,,"https://www.google.com/maps/dir/45.147222,0.801977/45.147222,0.801977"
633,Périgueux est,exit,False,NO_ORIGIN,,0.0,,"https://www.google.com/maps/dir/45.147222,0.801977/45.147222,0.801977"
634,Périgueux ouest,entry,True,NO_ORIGIN,,0.0,,"https://www.google.com/maps/dir/45.149657,0.799836/45.149657,0.799836"
634,Périgueux ouest,exit,True,NO_ORIGIN,,0.0,,"https://www.google.com/maps/dir/45.149657,0.799836/45.149657,0.799836"
635,Périgueux sud,entry,True,NO_ORIGIN,,0.0,,"https://www.google.com/maps/dir/45.142270,0.699434/45.142270,0.699434"
635,Périgueux sud,exit,True,NO_ORIGIN,,0.0,,"https://www.google.com/maps/dir/45.142270,0.699434/45.142270,0.699434"
636,PÉRONNE / VALLEE DE LA SOMME,entry,True,NO_ORIGIN,,0.0,,"https://www.google.com/maps/dir/49.878843,2.837079/49.878843,2.837079"
636,PÉRONNE / VALLEE DE LA SOMME,exit,True,NO_ORIGIN,,0.0,,"https://www.google.com/maps/dir/49.878843,2.837079/49.878843,2.837079"
637,Pérouges,entry,True,NO_ORIGIN,,0.0,,"https://www.google.com/maps/dir/45.862207,5.175975/45.862207,5.175975"
637,Pérouges,exit,True,NO_ORIGIN,,0.0,,"https://www.google.com/maps/dir/45.862207,5.175975/45.862207,5.175975"
638,Perpignan nord,entry,True,NO_ORIGIN,,0.0,,"https://www.google.com/maps/dir/42.783238,2.894939/42.783238,2.894939"
638,Perpignan nord,exit,True,NO_ORIGIN,,0.0,,"https://www.google.com/maps/dir/42.783238,2.894939/42.783238,2.894939"
639,Perpignan sud,entry,False,NO_ORIGIN,,0.0,,"https://www.google.com/maps/dir/42.665034,2.861685/42.665034,2.861685"
639,Perpignan sud,exit,False,NO_ORIGIN,,0.0,,"https://www.google.com/maps/dir/42.665034,2.861685/42.665034,2.861685"
640,Péage du Perthus,entry,True,NO_ORIGIN,,0.0,,"https://www.google.com/maps/dir/42.527605,2.821822/42.527605,2.821822"
640,Péage du Perthus,exit,True,NO_ORIGIN,,0.0,,"https://www.google.com/maps/dir/42.527605,2.821822/42.527605,2.821822"
641,Pertuis,entry,True,NO_ORIGIN,,0.0,,"https://www.google.com/maps/dir/43.661762,5.500706/43.661762,5.500706"
641,Pertuis,exit,True,NO_ORIGIN,,0.0,,"https://www.google.com/maps/dir/43.661762,5.500706/43.661762,5.500706"
642,Peyrehorade,entry,True,NO_ORIGIN,,0.0,,"https://www.google.com/maps/dir/43.514058,-1.104911/43.514058,-1.104911"
642,Peyrehorade,exit,True,NO_ORIGIN,,0.0,,"https://www.google.com/maps/dir/43.514058,-1.104911/43.514058,-1.104911"
643,Peyruis,entry,True,NO_ORIGIN,,0.0,,"https://www.google.com/maps/dir/44.040300,5.966126/44.040300,5.966126"
643,Peyruis,exit,True,NO_ORIGIN,,0.0,,"https://www.google.com/maps/dir/44.040300,5.966126/44.040300,5.966126"
644,PHALSBOURG,entry,True,NO_ORIGIN,,0.0,,"https://www.google.com/maps/dir/48.775575,7.243471/48.775575,7.243471"
644,PHALSBOURG,exit,True,NO_ORIGIN,,0.0,,"https://www.google.com/maps/dir/48.775575,7.243471/48.775575,7.243471"
645,PLATEAU,entry,False,NO_ORIGIN,,0.0,,"https://www.google.com/maps/dir/49.391843,0.250858/49.391843,0.250858"
645,PLATEAU,exit,False,NO_ORIGIN,,0.0,,"https://www.google.com/maps/dir/49.391843,0.250858/49.391843,0.250858"
646,Podensac,entry,True,NO_ORIGIN,,0.0,,"https://www.google.com/maps/dir/44.604924,-0.370081/44.604924,-0.370081"
646,Podensac,exit,True,NO_ORIGIN,,0.0,,"https://www.google.com/maps/dir/44.604924,-0.370081/44.604924,-0.370081"
647,POISSY / ORGEVAL,entry,False,NO_ORIGIN,,0.0,,"https://www.google.com/maps/dir/48.919313,1.999478/48.919313,1.999478"
647,POISSY / ORGEVAL,exit,False,NO_ORIGIN,,0.0,,"https://www.google.com/maps/dir/48.919313,1.999478/48.919313,1.999478"
648,Poitiers nord,entry,True,NO_ORIGIN,,0.0,,"https://www.google.com/maps/dir/46.624173,0.348735/46.624173,0.348735"
648,Poitiers nord,exit,True,NO_ORIGIN,,0.0,,"https://www.google.com/maps/dir/46.624173,0.348735/46.624173,0.348735"
649,POITIERS SUD,entry,True,NO_ORIGIN,,0.0,,"https://www.google.com/maps/dir/46.555034,0.282916/46.555034,0.282916"
649,POITIERS SUD,exit,True,NO_ORIGIN,,0.0,,"https://www.google.com/maps/dir/46.555034,0.282916/46.555034,0.282916"
650,POIX-DE-PICARDIE,entry,True,NO_ORIGIN,,0.0,,"https://www.google.com/maps/dir/49.810293,1.972688/49.810293,1.972688"
650,POIX-DE-PICARDIE,exit,True,NO_ORIGIN,,0.0,,"https://www.google.com/maps/dir/49.810293,1.972688/49.810293,1.972688"
651,PONS,entry,True,NO_ORIGIN,,0.0,,"https://www.google.com/maps/dir/45.577204,-0.599136/45.577204,-0.599136"
651,PONS,exit,True,NO_ORIGIN,,0.0,,"https://www.google.com/maps/dir/45.577204,-0.599136/45.577204,-0.599136"
652,PONT D AIN,entry,False,NO_ORIGIN,,0.0,,"https://www.google.com/maps/dir/46.045972,5.325044/46.045972,5.325044"
652,PONT D AIN,exit,False,NO_ORIGIN,,0.0,,"https://www.google.com/maps/dir/46.045972,5.325044/46.045972,5.325044"
653,Pont de Dorieux,entry,False,NO_ORIGIN,,0.0,,"https://www.google.com/maps/dir/45.845003,4.674775/45.845003,4.674775"
653,Pont de Dorieux,exit,False,NO_ORIGIN,,0.0,,"https://www.google.com/maps/dir/45.845003,4.674775/45.845003,4.674775"
654,Pont du Château,entry,False,NO_ORIGIN,,0.0,,"https://www.google.com/maps/dir/45.784284,3.194534/45.784284,3.194534"
654,Pont du Château,exit,False,NO_ORIGIN,,0.0,,"https://www.google.com/maps/dir/45.784284,3.194534/45.784284,3.194534"
655,Pont-d’Ain,entry,False,NO_ORIGIN,,0.0,,"https://www.google.com/maps/dir/46.045972,5.325044/46.045972,5.325044"
655,Pont-d’Ain,exit,False,NO_ORIGIN,,0.0,,"https://www.google.com/maps/dir/46.045972,5.325044/46.045972,5.325044"
656,"PONT L'EVÊQUE, DEAUVILLE",entry,False,NO_ORIGIN,,0.0,,"https://www.google.com/maps/dir/49.280530,0.195507/49.280530,0.195507"
656,"PONT L'EVÊQUE, DEAUVILLE",exit,False,NO_ORIGIN,,0.0,,"https://www.google.com/maps/dir/49.280530,0.195507/49.280530,0.195507"
657,PONT-SAINTE-MAXENCE,entry,True,NO_ORIGIN,,0.0,,"https://www.google.com/maps/dir/49.319333,2.687011/49.319333,2.687011"
657,PONT-SAINTE-MAXENCE,exit,True,NO_ORIGIN,,0.0,,"https://www.google.com/maps/dir/49.319333,2.687011/49.319333,2.687011"
658,PONTCHARRA,entry,True,NO_ORIGIN,,0.0,,"https://www.google.com/maps/dir/45.420983,5.997982/45.420983,5.997982"
658,PONTCHARRA,exit,True,NO_ORIGIN,,0.0,,"https://www.google.com/maps/dir/45.420983,5.997982/45.420983,5.997982"
659,Péage de Pouilly-en-Auxois,entry,False,NO_ORIGIN,,0.0,,"https://www.google.com/maps/dir/47.324155,4.487665/47.324155,4.487665"
659,Péage de Pouilly-en-Auxois,exit,False,NO_ORIGIN,,0.0,,"https://www.google.com/maps/dir/47.324155,4.487665/47.324155,4.487665"
660,POUILLY-EN-AUXOIS,entry,False,NO_ORIGIN,,0.0,,"https://www.google.com/maps/dir/47.324155,4.487665/47.324155,4.487665"
660,POUILLY-EN-AUXOIS,exit,False,NO_ORIGIN,,0.0,,"https://www.google.com/maps/dir/47.324155,4.487665/47.324155,4.487665"
661,Pourrières,entry,False,NO_ORIGIN,,0.0,,"https://www.google.com/maps/dir/43.479485,5.760560/43.479485,5.760560"
661,Pourrières,exit,False,NO_ORIGIN,,0.0,,"https://www.google.com/maps/dir/43.479485,5.760560/43.479485,5.760560"
662,Puget-sur-Argens,entry,True,NO_ORIGIN,,0.0,,"https://www.google.com/maps/dir/43.459541,6.687540/43.459541,6.687540"
662,Puget-sur-Argens,exit,True,NO_ORIGIN,,0.0,,"https://www.google.com/maps/dir/43.459541,6.687540/43.459541,6.687540"
663,Puget-Ville,entry,True,NO_ORIGIN,,0.0,,"https://www.google.com/maps/dir/43.257751,6.122784/43.257751,6.122784"
663,Puget-Ville,exit,True,NO_ORIGIN,,0.0,,"https://www.google.com/maps/dir/43.257751,6.122784/43.257751,6.122784"
664,PUTTELANGE,entry,False,NO_ORIGIN,,0.0,,"https://www.google.com/maps/dir/49.069696,6.914590/49.069696,6.914590"
664,PUTTELANGE,exit,False,NO_ORIGIN,,0.0,,"https://www.google.com/maps/dir/49.069696,6.914590/49.069696,6.914590"
665,Pyrénées-Orientales,entry,True,NO_ORIGIN,,0.0,,"https://www.google.com/maps/dir/42.539591,1.824122/42.539591,1.824122"
665,Pyrénées-Orientales,exit,True,NO_ORIGIN,,0.0,,"https://www.google.com/maps/dir/42.539591,1.824122/42.539591,1.824122"
666,QUINCIEUX BARRIERE,entry,False,NO_ORIGIN,,0.0,,"https://www.google.com/maps/dir/45.925166,4.760402/45.925166,4.760402"
666,QUINCIEUX BARRIERE,exit,False,NO_ORIGIN,,0.0,,"https://www.google.com/maps/dir/45.925166,4.760402/45.925166,4.760402"
667,RD 323,entry,False,NO_ORIGIN,,0.0,,"https://www.google.com/maps/dir/47.472097,-0.508041/47.472097,-0.508041"
667,RD 323,exit,False,NO_ORIGIN,,0.0,,"https://www.google.com/maps/dir/47.472097,-0.508041/47.472097,-0.508041"
668,RD 347,entry,True,NO_ORIGIN,,0.0,,"https://www.google.com/maps/dir/47.474997,-0.504995/47.474997,-0.504995"
668,RD 347,exit,True,NO_ORIGIN,,0.0,,"https://www.google.com/maps/dir/47.474997,-0.504995/47.474997,-0.504995"
669,REIMS (péage de Courcy),entry,True,NO_ORIGIN,,0.0,,"https://www.google.com/maps/dir/49.321994,3.983754/49.321994,3.983754"
669,REIMS (péage de Courcy),exit,True,NO_ORIGIN,,0.0,,"https://www.google.com/maps/dir/49.321994,3.983754/49.321994,3.983754"
670,Péage de Reims est,entry,False,NO_ORIGIN,,0.0,,"https://www.google.com/maps/dir/49.211457,4.078337/49.211457,4.078337"
670,Péage de Reims est,exit,False,NO_ORIGIN,,0.0,,"https://www.google.com/maps/dir/49.211457,4.078337/49.211457,4.078337"
671,REIMS EST (péage de Taissy),entry,False,NO_ORIGIN,,0.0,,"https://www.google.com/maps/dir/49.211457,4.078337/49.211457,4.078337"
671,REIMS EST (péage de Taissy),exit,False,NO_ORIGIN,,0.0,,"https://www.google.com/maps/dir/49.211457,4.078337/49.211457,4.078337"
672,REIMS EST (TAISSY),entry,False,NO_ORIGIN,,0.0,,"https://www.google.com/maps/dir/49.211457,4.078337/49.211457,4.078337"
672,REIMS EST (TAISSY),exit,False,NO_ORIGIN,,0.0,,"https://www.google.com/maps/dir/49.211457,4.078337/49.211457,4.078337"
673,Péage Reims nord,entry,False,NO_ORIGIN,,0.0,,"https://www.google.com/maps/dir/49.246135,3.962039/49.246135,3.962039"
673,Péage Reims nord,exit,False,NO_ORIGIN,,0.0,,"https://www.google.com/maps/dir/49.246135,3.962039/49.246135,3.962039"
674,REIMS NORD (ORMES),entry,False,NO_ORIGIN,,0.0,,"https://www.google.com/maps/dir/49.246135,3.962039/49.246135,3.962039"
674,REIMS NORD (ORMES),exit,False,NO_ORIGIN,,0.0,,"https://www.google.com/maps/dir/49.246135,3.962039/49.246135,3.962039"
675,REIMS NORD (péage d'Ormes),entry,False,NO_ORIGIN,,0.0,,"https://www.google.com/maps/dir/49.246135,3.962039/49.246135,3.962039"
675,REIMS NORD (péage d'Ormes),exit,False,NO_ORIGIN,,0.0,,"https://www.google.com/maps/dir/49.246135,3.962039/49.246135,3.962039"
676,Reims ouest,entry,True,NO_ORIGIN,,0.0,,"https://www.google.com/maps/dir/49.246959,3.947630/49.246959,3.947630"
676,Reims ouest,exit,True,NO_ORIGIN,,0.0,,"https://www.google.com/maps/dir/49.246959,3.947630/49.246959,3.947630"
677,REIMS OUEST (péage de Thillois),entry,True,NO_ORIGIN,,0.0,,"https://www.google.com/maps/dir/49.246959,3.947630/49.246959,3.947630"
677,REIMS OUEST (péage de Thillois),exit,True,NO_ORIGIN,,0.0,,"https://www.google.com/maps/dir/49.246959,3.947630/49.246959,3.947630"
678,REIMS OUEST (THILLOIS),entry,False,NO_ORIGIN,,0.0,,"https://www.google.com/maps/dir/49.249607,3.955867/49.249607,3.955867"
678,REIMS OUEST (THILLOIS),exit,False,NO_ORIGIN,,0.0,,"https://www.google.com/maps/dir/49.249607,3.955867/49.249607,3.955867"
679,REIMS SUD,entry,True,NO_ORIGIN,,0.0,,"https://www.google.com/maps/dir/49.207501,4.009425/49.207501,4.009425"
679,REIMS SUD,exit,True,NO_ORIGIN,,0.0,,"https://www.google.com/maps/dir/49.207501,4.009425/49.207501,4.009425"
680,REIMS - TAISSY,entry,False,NO_ORIGIN,,0.0,,"https://www.google.com/maps/dir/49.211447,4.078886/49.211447,4.078886"
680,REIMS - TAISSY,exit,False,NO_ORIGIN,,0.0,,"https://www.google.com/maps/dir/49.211447,4.078886/49.211447,4.078886"
681,REIMS - TINQUEUX,entry,True,NO_ORIGIN,,0.0,,"https://www.google.com/maps/dir/49.246959,3.947630/49.246959,3.947630"
681,REIMS - TINQUEUX,exit,True,NO_ORIGIN,,0.0,,"https://www.google.com/maps/dir/49.246959,3.947630/49.246959,3.947630"
682,Remoulins,entry,True,NO_ORIGIN,,0.0,,"https://www.google.com/maps/dir/43.934299,4.599933/43.934299,4.599933"
682,Remoulins,exit,True,NO_ORIGIN,,0.0,,"https://www.google.com/maps/dir/43.934299,4.599933/43.934299,4.599933"
683,REPLONGES,entry,True,NO_ORIGIN,,0.0,,"https://www.google.com/maps/dir/46.305365,4.896210/46.305365,4.896210"
683,REPLONGES,exit,True,NO_ORIGIN,,0.0,,"https://www.google.com/maps/dir/46.305365,4.896210/46.305365,4.896210"
684,RESSONS,entry,False,NO_ORIGIN,,0.0,,"https://www.google.com/maps/dir/49.523191,2.721543/49.523191,2.721543"
684,RESSONS,exit,False,NO_ORIGIN,,0.0,,"https://www.google.com/maps/dir/49.523191,2.721543/49.523191,2.721543"
685,Péage de Restigné,entry,True,NO_ORIGIN,,0.0,,"https://www.google.com/maps/dir/47.270314,0.254312/47.270314,0.254312"
685,Péage de Restigné,exit,True,NO_ORIGIN,,0.0,,"https://www.google.com/maps/dir/47.270314,0.254312/47.270314,0.254312"
686,RESTIGNE,entry,True,NO_ORIGIN,,0.0,,"https://www.google.com/maps/dir/47.270314,0.254312/47.270314,0.254312"
686,RESTIGNE,exit,True,NO_ORIGIN,,0.0,,"https://www.google.com/maps/dir/47.270314,0.254312/47.270314,0.254312"
687,RIOM,entry,True,NO_ORIGIN,,0.0,,"https://www.google.com/maps/dir/45.894966,3.153784/45.894966,3.153784"
687,RIOM,exit,True,NO_ORIGIN,,0.0,,"https://www.google.com/maps/dir/45.894966,3.153784/45.894966,3.153784"
688,RIVES,entry,False,NO_ORIGIN,,0.0,,"https://www.google.com/maps/dir/45.383931,5.473344/45.383931,5.473344"
688,RIVES,exit,False,NO_ORIGIN,,0.0,,"https://www.google.com/maps/dir/45.383931,5.473344/45.383931,5.473344"
689,Robecourt,entry,True,NO_ORIGIN,,0.0,,"https://www.google.com/maps/dir/48.147673,5.688847/48.147673,5.688847"
689,Robecourt,exit,True,NO_ORIGIN,,0.0,,"https://www.google.com/maps/dir/48.147673,5.688847/48.147673,5.688847"
690,Rochefort nord,entry,False,NO_ORIGIN,,0.0,,"https://www.google.com/maps/dir/45.962323,-0.959614/45.962323,-0.959614"
690,Rochefort nord,exit,False,NO_ORIGIN,,0.0,,"https://www.google.com/maps/dir/45.962323,-0.959614/45.962323,-0.959614"
691,Rochefort ouest,entry,False,NO_ORIGIN,,0.0,,"https://www.google.com/maps/dir/45.965739,-0.973184/45.965739,-0.973184"
691,Rochefort ouest,exit,False,NO_ORIGIN,,0.0,,"https://www.google.com/maps/dir/45.965739,-0.973184/45.965739,-0.973184"
692,Rognac Berre,entry,False,NO_ORIGIN,,0.0,,"https://www.google.com/maps/dir/43.494162,5.239763/43.494162,5.239763"
692,Rognac Berre,exit,False,NO_ORIGIN,,0.0,,"https://www.google.com/maps/dir/43.494162,5.239763/43.494162,5.239763"
693,ROMORANTIN,entry,True,NO_ORIGIN,,0.0,,"https://www.google.com/maps/dir/47.321114,1.767852/47.321114,1.767852"
693,ROMORANTIN,exit,True,NO_ORIGIN,,0.0,,"https://www.google.com/maps/dir/47.321114,1.767852/47.321114,1.767852"
694,Roquefort,entry,True,NO_ORIGIN,,0.0,,"https://www.google.com/maps/dir/44.045751,-0.337182/44.045751,-0.337182"
694,Roquefort,exit,True,NO_ORIGIN,,0.0,,"https://www.google.com/maps/dir/44.045751,-0.337182/44.045751,-0.337182"
695,Roquemaure,entry,True,NO_ORIGIN,,0.0,,"https://www.google.com/maps/dir/44.021964,4.736556/44.021964,4.736556"
695,Roquemaure,exit,True,NO_ORIGIN,,0.0,,"https://www.google.com/maps/dir/44.021964,4.736556/44.021964,4.736556"
696,Roques,entry,False,NO_ORIGIN,,0.0,,"https://www.google.com/maps/dir/43.517793,1.348190/43.517793,1.348190"
696,Roques,exit,False,NO_ORIGIN,,0.0,,"https://www.google.com/maps/dir/43.517793,1.348190/43.517793,1.348190"
697,ROUEN LES ESSARTS,entry,False,NO_ORIGIN,,0.0,,"https://www.google.com/maps/dir/49.302460,1.117937/49.302460,1.117937"
697,ROUEN LES ESSARTS,exit,False,NO_ORIGIN,,0.0,,"https://www.google.com/maps/dir/49.302460,1.117937/49.302460,1.117937"
698,Rouessé-Fontaine,entry,True,NO_ORIGIN,,0.0,,"https://www.google.com/maps/dir/48.314121,0.136493/48.314121,0.136493"
698,Rouessé-Fontaine,exit,True,NO_ORIGIN,,0.0,,"https://www.google.com/maps/dir/48.314121,0.136493/48.314121,0.136493"
699,Péage du Roumois,entry,True,NO_ORIGIN,,0.0,,"https://www.google.com/maps/dir/49.351368,0.835079/49.351368,0.835079"
699,Péage du Roumois,exit,True,NO_ORIGIN,,0.0,,"https://www.google.com/maps/dir/49.351368,0.835079/49.351368,0.835079"
700,ROUMOIS,entry,True,NO_ORIGIN,,0.0,,"https://www.google.com/maps/dir/49.351368,0.835079/49.351368,0.835079"
700,ROUMOIS,exit,True,NO_ORIGIN,,0.0,,"https://www.google.com/maps/dir/49.351368,0.835079/49.351368,0.835079"
701,ROYE,entry,True,NO_ORIGIN,,0.0,,"https://www.google.com/maps/dir/49.702558,2.771722/49.702558,2.771722"
701,ROYE,exit,True,NO_ORIGIN,,0.0,,"https://www.google.com/maps/dir/49.702558,2.771722/49.702558,2.771722"
702,RUMILLY,entry,False,NO_ORIGIN,,0.0,,"https://www.google.com/maps/dir/45.815797,6.007015/45.815797,6.007015"
702,RUMILLY,exit,False,NO_ORIGIN,,0.0,,"https://www.google.com/maps/dir/45.815797,6.007015/45.815797,6.007015"
703,Sablé La Flèche,entry,True,NO_ORIGIN,,0.0,,"https://www.google.com/maps/dir/47.779114,-0.205542/47.779114,-0.205542"
703,Sablé La Flèche,exit,True,NO_ORIGIN,,0.0,,"https://www.google.com/maps/dir/47.779114,-0.205542/47.779114,-0.205542"
704,SABLE-LA FLECHE,entry,True,NO_ORIGIN,,0.0,,"https://www.google.com/maps/dir/47.779114,-0.205542/47.779114,-0.205542"
704,SABLE-LA FLECHE,exit,True,NO_ORIGIN,,0.0,,"https://www.google.com/maps/dir/47.779114,-0.205542/47.779114,-0.205542"
705,SAINT AIGNAN SUR CHER,entry,True,NO_ORIGIN,,0.0,,"https://www.google.com/maps/dir/47.305454,1.355688/47.305454,1.355688"
705,SAINT AIGNAN SUR CHER,exit,True,NO_ORIGIN,,0.0,,"https://www.google.com/maps/dir/47.305454,1.355688/47.305454,1.355688"
706,SAINT AMAND,entry,True,NO_ORIGIN,,0.0,,"https://www.google.com/maps/dir/46.719228,2.454232/46.719228,2.454232"
706,SAINT AMAND,exit,True,NO_ORIGIN,,0.0,,"https://www.google.com/maps/dir/46.719228,2.454232/46.719228,2.454232"
707,SAINT AUBIN-DE-BLAYE,entry,True,NO_ORIGIN,,0.0,,"https://www.google.com/maps/dir/45.254509,-0.542193/45.254509,-0.542193"
707,SAINT AUBIN-DE-BLAYE,exit,True,NO_ORIGIN,,0.0,,"https://www.google.com/maps/dir/45.254509,-0.542193/45.254509,-0.542193"
708,SAINT-AVOLD,entry,False,NO_ORIGIN,,0.0,,"https://www.google.com/maps/dir/49.135952,6.710210/49.135952,6.710210"
708,SAINT-AVOLD,exit,False,NO_ORIGIN,,0.0,,"https://www.google.com/maps/dir/49.135952,6.710210/49.135952,6.710210"
709,SAINT DENIS-LES-SENS,entry,True,NO_ORIGIN,,0.0,,"https://www.google.com/maps/dir/48.240750,3.260119/48.240750,3.260119"
709,SAINT DENIS-LES-SENS,exit,True,NO_ORIGIN,,0.0,,"https://www.google.com/maps/dir/48.240750,3.260119/48.240750,3.260119"
710,SAINT ETIENNE AU TEMPLE,entry,False,NO_ORIGIN,,0.0,,"https://www.google.com/maps/dir/49.033390,4.435854/49.033390,4.435854"
710,SAINT ETIENNE AU TEMPLE,exit,False,NO_ORIGIN,,0.0,,"https://www.google.com/maps/dir/49.033390,4.435854/49.033390,4.435854"
711,SAINT-ÉTIENNE-AU-TEMPLE,entry,True,NO_ORIGIN,,0.0,,"https://www.google.com/maps/dir/49.034628,4.440536/49.034628,4.440536"
711,SAINT-ÉTIENNE-AU-TEMPLE,exit,True,NO_ORIGIN,,0.0,,"https://www.google.com/maps/dir/49.034628,4.440536/49.034628,4.440536"
712,SAINT EXUPERY,entry,False,NO_ORIGIN,,0.0,,"https://www.google.com/maps/dir/45.687015,5.058227/45.687015,5.058227"
712,SAINT EXUPERY,exit,False,NO_ORIGIN,,0.0,,"https://www.google.com/maps/dir/45.687015,5.058227/45.687015,5.058227"
713,Saint-Gaudens,entry,False,NO_ORIGIN,,0.0,,"https://www.google.com/maps/dir/43.115622,0.756635/43.115622,0.756635"
713,Saint-Gaudens,exit,False,NO_ORIGIN,,0.0,,"https://www.google.com/maps/dir/43.115622,0.756635/43.115622,0.756635"
714,SAINT GENIS,entry,True,NO_ORIGIN,,0.0,,"https://www.google.com/maps/dir/46.271639,5.019526/46.271639,5.019526"
714,SAINT GENIS,exit,True,NO_ORIGIN,,0.0,,"https://www.google.com/maps/dir/46.271639,5.019526/46.271639,5.019526"
715,SAINT GENIX SUR GUIERS,entry,False,NO_ORIGIN,,0.0,,"https://www.google.com/maps/dir/45.572734,5.658948/45.572734,5.658948"
715,SAINT GENIX SUR GUIERS,exit,False,NO_ORIGIN,,0.0,,"https://www.google.com/maps/dir/45.572734,5.658948/45.572734,5.658948"
716,SAINT GERMAIN-LAXIS,entry,True,NO_ORIGIN,,0.0,,"https://www.google.com/maps/dir/48.585447,2.726010/48.585447,2.726010"
716,SAINT GERMAIN-LAXIS,exit,True,NO_ORIGIN,,0.0,,"https://www.google.com/maps/dir/48.585447,2.726010/48.585447,2.726010"
717,SAINT GIBRIEN,entry,True,NO_ORIGIN,,0.0,,"https://www.google.com/maps/dir/48.970658,4.283978/48.970658,4.283978"
717,SAINT GIBRIEN,exit,True,NO_ORIGIN,,0.0,,"https://www.google.com/maps/dir/48.970658,4.283978/48.970658,4.283978"
718,SAINT HILAIRE LES ANDRESIS,entry,True,NO_ORIGIN,,0.0,,"https://www.google.com/maps/dir/48.037122,3.019270/48.037122,3.019270"
718,SAINT HILAIRE LES ANDRESIS,exit,True,NO_ORIGIN,,0.0,,"https://www.google.com/maps/dir/48.037122,3.019270/48.037122,3.019270"
719,SAINT JEAN D'ANGELY,entry,True,NO_ORIGIN,,0.0,,"https://www.google.com/maps/dir/45.966869,-0.549957/45.966869,-0.549957"
719,SAINT JEAN D'ANGELY,exit,True,NO_ORIGIN,,0.0,,"https://www.google.com/maps/dir/45.966869,-0.549957/45.966869,-0.549957"
720,SAINT JEAN DE LINIERES,entry,True,NO_ORIGIN,,0.0,,"https://www.google.com/maps/dir/47.464765,-0.691621/47.464765,-0.691621"
720,SAINT JEAN DE LINIERES,exit,True,NO_ORIGIN,,0.0,,"https://www.google.com/maps/dir/47.464765,-0.691621/47.464765,-0.691621"
721,Saint-Jory,entry,True,NO_ORIGIN,,0.0,,"https://www.google.com/maps/dir/43.715590,1.402189/43.715590,1.402189"
721,Saint-Jory,exit,True,NO_ORIGIN,,0.0,,"https://www.google.com/maps/dir/43.715590,1.402189/43.715590,1.402189"
722,SAINT MAIXENT / LUSIGNAN,entry,True,NO_ORIGIN,,0.0,,"https://www.google.com/maps/dir/46.429335,-0.081156/46.429335,-0.081156"
722,SAINT MAIXENT / LUSIGNAN,exit,True,NO_ORIGIN,,0.0,,"https://www.google.com/maps/dir/46.429335,-0.081156/46.429335,-0.081156"
723,SAINT MARCELLIN,entry,False,NO_ORIGIN,,0.0,,"https://www.google.com/maps/dir/45.138304,5.326099/45.138304,5.326099"
723,SAINT MARCELLIN,exit,False,NO_ORIGIN,,0.0,,"https://www.google.com/maps/dir/45.138304,5.326099/45.138304,5.326099"
724,SAINT MARTIN-DU-FRESNE,entry,True,NO_ORIGIN,,0.0,,"https://www.google.com/maps/dir/46.135012,5.538949/46.135012,5.538949"
724,SAINT MARTIN-DU-FRESNE,exit,True,NO_ORIGIN,,0.0,,"https://www.google.com/maps/dir/46.135012,5.538949/46.135012,5.538949"
725,Saint-Martory,entry,False,NO_ORIGIN,,0.0,,"https://www.google.com/maps/dir/43.128931,0.942685/43.128931,0.942685"
725,Saint-Martory,exit,False,NO_ORIGIN,,0.0,,"https://www.google.com/maps/dir/43.128931,0.942685/43.128931,0.942685"
726,SAINT MAURICE,entry,True,NO_ORIGIN,,0.0,,"https://www.google.com/maps/dir/47.426176,6.668984/47.426176,6.668984"
726,SAINT MAURICE,exit,True,NO_ORIGIN,,0.0,,"https://www.google.com/maps/dir/47.426176,6.668984/47.426176,6.668984"
727,SAINT-OMER,entry,True,NO_ORIGIN,,0.0,,"https://www.google.com/maps/dir/50.722015,2.168539/50.722015,2.168539"
727,SAINT-OMER,exit,True,NO_ORIGIN,,0.0,,"https://www.google.com/maps/dir/50.722015,2.168539/50.722015,2.168539"
728,SAINT PIERRE D'ALBIGNY,entry,False,NO_ORIGIN,,0.0,,"https://www.google.com/maps/dir/45.549108,6.160544/45.549108,6.160544"
728,SAINT PIERRE D'ALBIGNY,exit,False,NO_ORIGIN,,0.0,,"https://www.google.com/maps/dir/45.549108,6.160544/45.549108,6.160544"
729,SAINT-QUENTIN NORD,entry,True,NO_ORIGIN,,0.0,,"https://www.google.com/maps/dir/49.863823,3.237265/49.863823,3.237265"
729,SAINT-QUENTIN NORD,exit,True,NO_ORIGIN,,0.0,,"https://www.google.com/maps/dir/49.863823,3.237265/49.863823,3.237265"
730,SAINT-QUENTIN SUD,entry,True,NO_ORIGIN,,0.0,,"https://www.google.com/maps/dir/49.808663,3.296124/49.808663,3.296124"
730,SAINT-QUENTIN SUD,exit,True,NO_ORIGIN,,0.0,,"https://www.google.com/maps/dir/49.808663,3.296124/49.808663,3.296124"
731,Péage de Saint-Selve,entry,True,NO_ORIGIN,,0.0,,"https://www.google.com/maps/dir/44.659337,-0.453834/44.659337,-0.453834"
731,Péage de Saint-Selve,exit,True,NO_ORIGIN,,0.0,,"https://www.google.com/maps/dir/44.659337,-0.453834/44.659337,-0.453834"
732,SAINT THIBAULT,entry,True,NO_ORIGIN,,0.0,,"https://www.google.com/maps/dir/48.221119,4.129461/48.221119,4.129461"
732,SAINT THIBAULT,exit,True,NO_ORIGIN,,0.0,,"https://www.google.com/maps/dir/48.221119,4.129461/48.221119,4.129461"
733,Sainte-Eulalie,entry,False,NO_ORIGIN,,0.0,,"https://www.google.com/maps/dir/44.909181,-0.489232/44.909181,-0.489232"
733,Sainte-Eulalie,exit,False,NO_ORIGIN,,0.0,,"https://www.google.com/maps/dir/44.909181,-0.489232/44.909181,-0.489232"
734,Sainte-Hermine,entry,True,NO_ORIGIN,,0.0,,"https://www.google.com/maps/dir/46.537581,-1.079225/46.537581,-1.079225"
734,Sainte-Hermine,exit,True,NO_ORIGIN,,0.0,,"https://www.google.com/maps/dir/46.537581,-1.079225/46.537581,-1.079225"
735,SAINTE-MARIE-AUX-CHÊNES,entry,False,NO_ORIGIN,,0.0,,"https://www.google.com/maps/dir/49.192583,5.991692/49.192583,5.991692"
735,SAINTE-MARIE-AUX-CHÊNES,exit,False,NO_ORIGIN,,0.0,,"https://www.google.com/maps/dir/49.192583,5.991692/49.192583,5.991692"
736,Sainte-Maure,entry,True,NO_ORIGIN,,0.0,,"https://www.google.com/maps/dir/47.104347,0.590161/47.104347,0.590161"
736,Sainte-Maure,exit,True,NO_ORIGIN,,0.0,,"https://www.google.com/maps/dir/47.104347,0.590161/47.104347,0.590161"
737,SAINTE MENEHOULD,entry,False,NO_ORIGIN,,0.0,,"https://www.google.com/maps/dir/49.076404,4.883669/49.076404,4.883669"
737,SAINTE MENEHOULD,exit,False,NO_ORIGIN,,0.0,,"https://www.google.com/maps/dir/49.076404,4.883669/49.076404,4.883669"
738,SAINTE-MENEHOULD,entry,True,NO_ORIGIN,,0.0,,"https://www.google.com/maps/dir/49.072571,4.879275/49.072571,4.879275"
738,SAINTE-MENEHOULD,exit,True,NO_ORIGIN,,0.0,,"https://www.google.com/maps/dir/49.072571,4.879275/49.072571,4.879275"
739,Saintes,entry,True,NO_ORIGIN,,0.0,,"https://www.google.com/maps/dir/45.753285,-0.671875/45.753285,-0.671875"
739,Saintes,exit,True,NO_ORIGIN,,0.0,,"https://www.google.com/maps/dir/45.753285,-0.671875/45.753285,-0.671875"
740,SALBRIS,entry,True,NO_ORIGIN,,0.0,,"https://www.google.com/maps/dir/47.418078,2.021139/47.418078,2.021139"
740,SALBRIS,exit,True,NO_ORIGIN,,0.0,,"https://www.google.com/maps/dir/47.418078,2.021139/47.418078,2.021139"
741,Salies,entry,True,NO_ORIGIN,,0.0,,"https://www.google.com/maps/dir/43.513166,-0.924881/43.513166,-0.924881"
741,Salies,exit,True,NO_ORIGIN,,0.0,,"https://www.google.com/maps/dir/43.513166,-0.924881/43.513166,-0.924881"
742,Salles,entry,False,NO_ORIGIN,,0.0,,"https://www.google.com/maps/dir/44.547807,-0.849195/44.547807,-0.849195"
742,Salles,exit,False,NO_ORIGIN,,0.0,,"https://www.google.com/maps/dir/44.547807,-0.849195/44.547807,-0.849195"
743,Salles,entry,False,NO_ORIGIN,,0.0,,"https://www.google.com/maps/dir/44.534773,-0.836256/44.534773,-0.836256"
743,Salles,exit,False,NO_ORIGIN,,0.0,,"https://www.google.com/maps/dir/44.534773,-0.836256/44.534773,-0.836256"
744,Salon nord,entry,True,NO_ORIGIN,,0.0,,"https://www.google.com/maps/dir/43.684003,5.097093/43.684003,5.097093"
744,Salon nord,exit,True,NO_ORIGIN,,0.0,,"https://www.google.com/maps/dir/43.684003,5.097093/43.684003,5.097093"
745,Salon ouest,entry,True,NO_ORIGIN,,0.0,,"https://www.google.com/maps/dir/43.638378,5.025952/43.638378,5.025952"
745,Salon ouest,exit,True,NO_ORIGIN,,0.0,,"https://www.google.com/maps/dir/43.638378,5.025952/43.638378,5.025952"
746,Salon sud,entry,True,NO_ORIGIN,,0.0,,"https://www.google.com/maps/dir/43.626800,5.115350/43.626800,5.115350"
746,Salon sud,exit,True,NO_ORIGIN,,0.0,,"https://www.google.com/maps/dir/43.626800,5.115350/43.626800,5.115350"
747,SALOUËL,entry,True,NO_ORIGIN,,0.0,,"https://www.google.com/maps/dir/49.860620,2.219298/49.860620,2.219298"
747,SALOUËL,exit,True,NO_ORIGIN,,0.0,,"https://www.google.com/maps/dir/49.860620,2.219298/49.860620,2.219298"
748,Péage de Sames,entry,False,NO_ORIGIN,,0.0,,"https://www.google.com/maps/dir/43.529552,-1.186826/43.529552,-1.186826"
748,Péage de Sames,exit,False,NO_ORIGIN,,0.0,,"https://www.google.com/maps/dir/43.529552,-1.186826/43.529552,-1.186826"
749,Sapiac,entry,False,NO_ORIGIN,,0.0,,"https://www.google.com/maps/dir/43.994358,1.350434/43.994358,1.350434"
749,Sapiac,exit,False,NO_ORIGIN,,0.0,,"https://www.google.com/maps/dir/43.994358,1.350434/43.994358,1.350434"
750,SARRE-UNION,entry,True,NO_ORIGIN,,0.0,,"https://www.google.com/maps/dir/48.915042,7.121324/48.915042,7.121324"
750,SARRE-UNION,exit,True,NO_ORIGIN,,0.0,,"https://www.google.com/maps/dir/48.915042,7.121324/48.915042,7.121324"
751,SARREGUEMINES,entry,True,NO_ORIGIN,,0.0,,"https://www.google.com/maps/dir/49.042291,7.025033/49.042291,7.025033"
751,SARREGUEMINES,exit,True,NO_ORIGIN,,0.0,,"https://www.google.com/maps/dir/49.042291,7.025033/49.042291,7.025033"
752,SAUMUR (VIVY),entry,True,NO_ORIGIN,,0.0,,"https://www.google.com/maps/dir/47.312917,-0.034755/47.312917,-0.034755"
752,SAUMUR (VIVY),exit,True,NO_ORIGIN,,0.0,,"https://www.google.com/maps/dir/47.312917,-0.034755/47.312917,-0.034755"
753,SAVERNE,entry,True,NO_ORIGIN,,0.0,,"https://www.google.com/maps/dir/48.769593,7.382115/48.769593,7.382115"
753,SAVERNE,exit,True,NO_ORIGIN,,0.0,,"https://www.google.com/maps/dir/48.769593,7.382115/48.769593,7.382115"
754,SAVIGNY /CLAIRIS,entry,False,NO_ORIGIN,,0.0,,"https://www.google.com/maps/dir/48.056019,3.088064/48.056019,3.088064"
754,SAVIGNY /CLAIRIS,exit,False,NO_ORIGIN,,0.0,,"https://www.google.com/maps/dir/48.056019,3.088064/48.056019,3.088064"
755,Savigny-sur-Clairis,entry,True,NO_ORIGIN,,0.0,,"https://www.google.com/maps/dir/48.051861,3.078953/48.051861,3.078953"
755,Savigny-sur-Clairis,exit,True,NO_ORIGIN,,0.0,,"https://www.google.com/maps/dir/48.051861,3.078953/48.051861,3.078953"
756,Scientrier,entry,False,NO_ORIGIN,,0.0,,"https://www.google.com/maps/dir/46.120900,6.313702/46.120900,6.313702"
756,Scientrier,exit,False,NO_ORIGIN,,0.0,,"https://www.google.com/maps/dir/46.120900,6.313702/46.120900,6.313702"
757,Scionzier,entry,False,NO_ORIGIN,,0.0,,"https://www.google.com/maps/dir/46.068186,6.554084/46.068186,6.554084"
757,Scionzier,exit,False,NO_ORIGIN,,0.0,,"https://www.google.com/maps/dir/46.068186,6.554084/46.068186,6.554084"
758,Sées,entry,False,NO_ORIGIN,,0.0,,"https://www.google.com/maps/dir/48.635324,0.187135/48.635324,0.187135"
758,Sées,exit,False,NO_ORIGIN,,0.0,,"https://www.google.com/maps/dir/48.635324,0.187135/48.635324,0.187135"
759,Sées,entry,True,NO_ORIGIN,,0.0,,"https://www.google.com/maps/dir/48.629211,0.195905/48.629211,0.195905"
759,Sées,exit,True,NO_ORIGIN,,0.0,,"https://www.google.com/maps/dir/48.629211,0.195905/48.629211,0.195905"
760,SEES,entry,True,NO_ORIGIN,,0.0,,"https://www.google.com/maps/dir/48.635479,0.186896/48.635479,0.186896"
760,SEES,exit,True,NO_ORIGIN,,0.0,,"https://www.google.com/maps/dir/48.635479,0.186896/48.635479,0.186896"
761,SÉES NORD,entry,False,NO_ORIGIN,,0.0,,"https://www.google.com/maps/dir/48.638138,0.184958/48.638138,0.184958"
761,SÉES NORD,exit,False,NO_ORIGIN,,0.0,,"https://www.google.com/maps/dir/48.638138,0.184958/48.638138,0.184958"
762,SEICHES,entry,True,NO_ORIGIN,,0.0,,"https://www.google.com/maps/dir/47.564747,-0.331507/47.564747,-0.331507"
762,SEICHES,exit,True,NO_ORIGIN,,0.0,,"https://www.google.com/maps/dir/47.564747,-0.331507/47.564747,-0.331507"
763,Seiches-sur-le-Loir,entry,True,NO_ORIGIN,,0.0,,"https://www.google.com/maps/dir/47.564747,-0.331507/47.564747,-0.331507"
763,Seiches-sur-le-Loir,exit,True,NO_ORIGIN,,0.0,,"https://www.google.com/maps/dir/47.564747,-0.331507/47.564747,-0.331507"
764,SELLES SUR CHER,entry,True,NO_ORIGIN,,0.0,,"https://www.google.com/maps/dir/47.328378,1.500173/47.328378,1.500173"
764,SELLES SUR CHER,exit,True,NO_ORIGIN,,0.0,,"https://www.google.com/maps/dir/47.328378,1.500173/47.328378,1.500173"
765,Sénas,entry,True,NO_ORIGIN,,0.0,,"https://www.google.com/maps/dir/43.743350,5.086952/43.743350,5.086952"
765,Sénas,exit,True,NO_ORIGIN,,0.0,,"https://www.google.com/maps/dir/43.743350,5.086952/43.743350,5.086952"
766,SENLIS,entry,False,NO_ORIGIN,,0.0,,"https://www.google.com/maps/dir/49.210628,2.620684/49.210628,2.620684"
766,SENLIS,exit,False,NO_ORIGIN,,0.0,,"https://www.google.com/maps/dir/49.210628,2.620684/49.210628,2.620684"
767,Sesquières,entry,False,NO_ORIGIN,,0.0,,"https://www.google.com/maps/dir/43.621401,1.397100/43.621401,1.397100"
767,Sesquières,exit,False,NO_ORIGIN,,0.0,,"https://www.google.com/maps/dir/43.621401,1.397100/43.621401,1.397100"
768,Sète,entry,True,NO_ORIGIN,,0.0,,"https://www.google.com/maps/dir/43.481485,3.684405/43.481485,3.684405"
768,Sète,exit,True,NO_ORIGIN,,0.0,,"https://www.google.com/maps/dir/43.481485,3.684405/43.481485,3.684405"
769,Seurre,entry,True,NO_ORIGIN,,0.0,,"https://www.google.com/maps/dir/47.032460,5.171899/47.032460,5.171899"
769,Seurre,exit,True,NO_ORIGIN,,0.0,,"https://www.google.com/maps/dir/47.032460,5.171899/47.032460,5.171899"
770,SEYNOD SUD,entry,False,NO_ORIGIN,,0.0,,"https://www.google.com/maps/dir/45.845953,6.057938/45.845953,6.057938"
770,SEYNOD SUD,exit,False,NO_ORIGIN,,0.0,,"https://www.google.com/maps/dir/45.845953,6.057938/45.845953,6.057938"
771,Sigean,entry,True,NO_ORIGIN,,0.0,,"https://www.google.com/maps/dir/43.033968,2.952379/43.033968,2.952379"
771,Sigean,exit,True,NO_ORIGIN,,0.0,,"https://www.google.com/maps/dir/43.033968,2.952379/43.033968,2.952379"
772,SILLE LE GUILLAUME / MAMERS,entry,True,NO_ORIGIN,,0.0,,"https://www.google.com/maps/dir/48.314121,0.136493/48.314121,0.136493"
772,SILLE LE GUILLAUME / MAMERS,exit,True,NO_ORIGIN,,0.0,,"https://www.google.com/maps/dir/48.314121,0.136493/48.314121,0.136493"
773,SILLE LE GUILLAUME / SABLE,entry,True,NO_ORIGIN,,0.0,,"https://www.google.com/maps/dir/48.005547,-0.212911/48.005547,-0.212911"
773,SILLE LE GUILLAUME / SABLE,exit,True,NO_ORIGIN,,0.0,,"https://www.google.com/maps/dir/48.005547,-0.212911/48.005547,-0.212911"
774,Sisteron-nord,entry,True,NO_ORIGIN,,0.0,,"https://www.google.com/maps/dir/44.221230,5.920003/44.221230,5.920003"
774,Sisteron-nord,exit,True,NO_ORIGIN,,0.0,,"https://www.google.com/maps/dir/44.221230,5.920003/44.221230,5.920003"
775,Sisteron-sud,entry,True,NO_ORIGIN,,0.0,,"https://www.google.com/maps/dir/44.168557,5.955400/44.168557,5.955400"
775,Sisteron-sud,exit,True,NO_ORIGIN,,0.0,,"https://www.google.com/maps/dir/44.168557,5.955400/44.168557,5.955400"
776,Six-Fours-Les Plages,entry,True,NO_ORIGIN,,0.0,,"https://www.google.com/maps/dir/43.120010,5.852581/43.120010,5.852581"
776,Six-Fours-Les Plages,exit,True,NO_ORIGIN,,0.0,,"https://www.google.com/maps/dir/43.120010,5.852581/43.120010,5.852581"
777,SOIRANS,entry,True,NO_ORIGIN,,0.0,,"https://www.google.com/maps/dir/47.202853,5.304283/47.202853,5.304283"
777,SOIRANS,exit,True,NO_ORIGIN,,0.0,,"https://www.google.com/maps/dir/47.202853,5.304283/47.202853,5.304283"
778,Sommesous,entry,True,NO_ORIGIN,,0.0,,"https://www.google.com/maps/dir/48.729134,4.222865/48.729134,4.222865"
778,Sommesous,exit,True,NO_ORIGIN,,0.0,,"https://www.google.com/maps/dir/48.729134,4.222865/48.729134,4.222865"
779,Sorges,entry,False,NO_ORIGIN,,0.0,,"https://www.google.com/maps/dir/47.433186,-0.492796/47.433186,-0.492796"
779,Sorges,exit,False,NO_ORIGIN,,0.0,,"https://www.google.com/maps/dir/47.433186,-0.492796/47.433186,-0.492796"
780,Souillac,entry,False,NO_ORIGIN,,0.0,,"https://www.google.com/maps/dir/44.900498,1.504325/44.900498,1.504325"
780,Souillac,exit,False,NO_ORIGIN,,0.0,,"https://www.google.com/maps/dir/44.900498,1.504325/44.900498,1.504325"
781,Soumoulou,entry,True,NO_ORIGIN,,0.0,,"https://www.google.com/maps/dir/43.275306,-0.196705/43.275306,-0.196705"
781,Soumoulou,exit,True,NO_ORIGIN,,0.0,,"https://www.google.com/maps/dir/43.275306,-0.196705/43.275306,-0.196705"
782,Soupetard,entry,False,NO_ORIGIN,,0.0,,"https://www.google.com/maps/dir/43.608259,1.484828/43.608259,1.484828"
782,Soupetard,exit,False,NO_ORIGIN,,0.0,,"https://www.google.com/maps/dir/43.608259,1.484828/43.608259,1.484828"
783,Soustons,entry,False,NO_ORIGIN,,0.0,,"https://www.google.com/maps/dir/43.709796,-1.228094/43.709796,-1.228094"
783,Soustons,exit,False,NO_ORIGIN,,0.0,,"https://www.google.com/maps/dir/43.709796,-1.228094/43.709796,-1.228094"
784,Soustons,entry,False,NO_ORIGIN,,0.0,,"https://www.google.com/maps/dir/43.709793,-1.228094/43.709793,-1.228094"
784,Soustons,exit,False,NO_ORIGIN,,0.0,,"https://www.google.com/maps/dir/43.709793,-1.228094/43.709793,-1.228094"
785,St-Amand-Montrond,entry,True,NO_ORIGIN,,0.0,,"https://www.google.com/maps/dir/46.719228,2.454232/46.719228,2.454232"
785,St-Amand-Montrond,exit,True,NO_ORIGIN,,0.0,,"https://www.google.com/maps/dir/46.719228,2.454232/46.719228,2.454232"
786,St-André-de-Cubzac,entry,False,NO_ORIGIN,,0.0,,"https://www.google.com/maps/dir/44.983781,-0.428253/44.983781,-0.428253"
786,St-André-de-Cubzac,exit,False,NO_ORIGIN,,0.0,,"https://www.google.com/maps/dir/44.983781,-0.428253/44.983781,-0.428253"
787,Péage de St-Arnoult,entry,True,NO_ORIGIN,,0.0,,"https://www.google.com/maps/dir/48.546422,1.911122/48.546422,1.911122"
787,Péage de St-Arnoult,exit,True,NO_ORIGIN,,0.0,,"https://www.google.com/maps/dir/48.546422,1.911122/48.546422,1.911122"
788,St-Aubin-de-Blaye,entry,True,NO_ORIGIN,,0.0,,"https://www.google.com/maps/dir/45.254509,-0.542193/45.254509,-0.542193"
788,St-Aubin-de-Blaye,exit,True,NO_ORIGIN,,0.0,,"https://www.google.com/maps/dir/45.254509,-0.542193/45.254509,-0.542193"
789,Péage de St-Christophe,entry,True,NO_ORIGIN,,0.0,,"https://www.google.com/maps/dir/47.631629,0.505869/47.631629,0.505869"
789,Péage de St-Christophe,exit,True,NO_ORIGIN,,0.0,,"https://www.google.com/maps/dir/47.631629,0.505869/47.631629,0.505869"
790,St-Cyr-Les Lecques,entry,False,NO_ORIGIN,,0.0,,"https://www.google.com/maps/dir/43.193739,5.687853/43.193739,5.687853"
790,St-Cyr-Les Lecques,exit,False,NO_ORIGIN,,0.0,,"https://www.google.com/maps/dir/43.193739,5.687853/43.193739,5.687853"
791,ST-DENIS-LES-SENS,entry,True,NO_ORIGIN,,0.0,,"https://www.google.com/maps/dir/48.240750,3.260119/48.240750,3.260119"
791,ST-DENIS-LES-SENS,exit,True,NO_ORIGIN,,0.0,,"https://www.google.com/maps/dir/48.240750,3.260119/48.240750,3.260119"
792,St-Etienne-au-Temple,entry,False,NO_ORIGIN,,0.0,,"https://www.google.com/maps/dir/49.033390,4.435854/49.033390,4.435854"
792,St-Etienne-au-Temple,exit,False,NO_ORIGIN,,0.0,,"https://www.google.com/maps/dir/49.033390,4.435854/49.033390,4.435854"
793,St-Genis,entry,True,NO_ORIGIN,,0.0,,"https://www.google.com/maps/dir/46.271639,5.019526/46.271639,5.019526"
793,St-Genis,exit,True,NO_ORIGIN,,0.0,,"https://www.google.com/maps/dir/46.271639,5.019526/46.271639,5.019526"
794,St Geors de Maremne,entry,True,NO_ORIGIN,,0.0,,"https://www.google.com/maps/dir/43.696583,-1.233490/43.696583,-1.233490"
794,St Geors de Maremne,exit,True,NO_ORIGIN,,0.0,,"https://www.google.com/maps/dir/43.696583,-1.233490/43.696583,-1.233490"
795,St Geors de Maremne,entry,True,NO_ORIGIN,,0.0,,"https://www.google.com/maps/dir/43.690140,-1.236427/43.690140,-1.236427"
795,St Geors de Maremne,exit,True,NO_ORIGIN,,0.0,,"https://www.google.com/maps/dir/43.690140,-1.236427/43.690140,-1.236427"
796,St-Geours-de-Maremne,entry,True,NO_ORIGIN,,0.0,,"https://www.google.com/maps/dir/43.696583,-1.233490/43.696583,-1.233490"
796,St-Geours-de-Maremne,exit,True,NO_ORIGIN,,0.0,,"https://www.google.com/maps/dir/43.696583,-1.233490/43.696583,-1.233490"
797,St-Germain-Laval,entry,True,NO_ORIGIN,,0.0,,"https://www.google.com/maps/dir/45.856907,4.045497/45.856907,4.045497"
797,St-Germain-Laval,exit,True,NO_ORIGIN,,0.0,,"https://www.google.com/maps/dir/45.856907,4.045497/45.856907,4.045497"
798,St-Germain-Laxis,entry,True,NO_ORIGIN,,0.0,,"https://www.google.com/maps/dir/48.585447,2.726010/48.585447,2.726010"
798,St-Germain-Laxis,exit,True,NO_ORIGIN,,0.0,,"https://www.google.com/maps/dir/48.585447,2.726010/48.585447,2.726010"
799,ST GERMAIN LES VERGNE,entry,True,NO_ORIGIN,,0.0,,"https://www.google.com/maps/dir/45.266883,1.623512/45.266883,1.623512"
799,ST GERMAIN LES VERGNE,exit,True,NO_ORIGIN,,0.0,,"https://www.google.com/maps/dir/45.266883,1.623512/45.266883,1.623512"
800,Péage de St-Germain-les-Vergnes,entry,False,NO_ORIGIN,,0.0,,"https://www.google.com/maps/dir/45.283711,1.617248/45.283711,1.617248"
800,Péage de St-Germain-les-Vergnes,exit,False,NO_ORIGIN,,0.0,,"https://www.google.com/maps/dir/45.283711,1.617248/45.283711,1.617248"
801,ST GERMAIN LES VERGNES,entry,False,NO_ORIGIN,,0.0,,"https://www.google.com/maps/dir/45.283711,1.617248/45.283711,1.617248"
801,ST GERMAIN LES VERGNES,exit,False,NO_ORIGIN,,0.0,,"https://www.google.com/maps/dir/45.283711,1.617248/45.283711,1.617248"
802,St-Gibrien,entry,True,NO_ORIGIN,,0.0,,"https://www.google.com/maps/dir/48.970658,4.283978/48.970658,4.283978"
802,St-Gibrien,exit,True,NO_ORIGIN,,0.0,,"https://www.google.com/maps/dir/48.970658,4.283978/48.970658,4.283978"
803,ST HILAIRE,entry,False,NO_ORIGIN,,0.0,,"https://www.google.com/maps/dir/48.036981,3.022661/48.036981,3.022661"
803,ST HILAIRE,exit,False,NO_ORIGIN,,0.0,,"https://www.google.com/maps/dir/48.036981,3.022661/48.036981,3.022661"
804,St-Hilaire-les-Andrésis,entry,True,NO_ORIGIN,,0.0,,"https://www.google.com/maps/dir/48.037122,3.019270/48.037122,3.019270"
804,St-Hilaire-les-Andrésis,exit,True,NO_ORIGIN,,0.0,,"https://www.google.com/maps/dir/48.037122,3.019270/48.037122,3.019270"
805,St-Jean-de-Luz nord,entry,False,NO_ORIGIN,,0.0,,"https://www.google.com/maps/dir/43.401134,-1.634282/43.401134,-1.634282"
805,St-Jean-de-Luz nord,exit,False,NO_ORIGIN,,0.0,,"https://www.google.com/maps/dir/43.401134,-1.634282/43.401134,-1.634282"
806,St-Jean-de-Luz sud,entry,False,NO_ORIGIN,,0.0,,"https://www.google.com/maps/dir/43.371944,-1.676135/43.371944,-1.676135"
806,St-Jean-de-Luz sud,exit,False,NO_ORIGIN,,0.0,,"https://www.google.com/maps/dir/43.371944,-1.676135/43.371944,-1.676135"
807,St-Jean-de-Védas,entry,False,NO_ORIGIN,,0.0,,"https://www.google.com/maps/dir/43.565603,3.837698/43.565603,3.837698"
807,St-Jean-de-Védas,exit,False,NO_ORIGIN,,0.0,,"https://www.google.com/maps/dir/43.565603,3.837698/43.565603,3.837698"
808,St-Jean-d’Angély,entry,True,NO_ORIGIN,,0.0,,"https://www.google.com/maps/dir/45.966869,-0.549957/45.966869,-0.549957"
808,St-Jean-d’Angély,exit,True,NO_ORIGIN,,0.0,,"https://www.google.com/maps/dir/45.966869,-0.549957/45.966869,-0.549957"
809,ST-JEAN-LES-DEUX-JUMEAUX,entry,True,NO_ORIGIN,,0.0,,"https://www.google.com/maps/dir/48.948712,3.040234/48.948712,3.040234"
809,ST-JEAN-LES-DEUX-JUMEAUX,exit,True,NO_ORIGIN,,0.0,,"https://www.google.com/maps/dir/48.948712,3.040234/48.948712,3.040234"
810,St-Julien Montdenis,entry,False,NO_ORIGIN,,0.0,,"https://www.google.com/maps/dir/45.251876,6.398925/45.251876,6.398925"
810,St-Julien Montdenis,exit,False,NO_ORIGIN,,0.0,,"https://www.google.com/maps/dir/45.251876,6.398925/45.251876,6.398925"
811,St-Julien Sancy,entry,True,NO_ORIGIN,,0.0,,"https://www.google.com/maps/dir/45.671738,2.679613/45.671738,2.679613"
811,St-Julien Sancy,exit,True,NO_ORIGIN,,0.0,,"https://www.google.com/maps/dir/45.671738,2.679613/45.671738,2.679613"
812,ST JULIEN / SANCY,entry,True,NO_ORIGIN,,0.0,,"https://www.google.com/maps/dir/45.671738,2.679613/45.671738,2.679613"
812,ST JULIEN / SANCY,exit,True,NO_ORIGIN,,0.0,,"https://www.google.com/maps/dir/45.671738,2.679613/45.671738,2.679613"
813,St-Laurent-du-Var,entry,False,NO_ORIGIN,,0.0,,"https://www.google.com/maps/dir/43.667386,7.194614/43.667386,7.194614"
813,St-Laurent-du-Var,exit,False,NO_ORIGIN,,0.0,,"https://www.google.com/maps/dir/43.667386,7.194614/43.667386,7.194614"
814,St-Maixent-Soudan,entry,True,NO_ORIGIN,,0.0,,"https://www.google.com/maps/dir/46.429335,-0.081156/46.429335,-0.081156"
814,St-Maixent-Soudan,exit,True,NO_ORIGIN,,0.0,,"https://www.google.com/maps/dir/46.429335,-0.081156/46.429335,-0.081156"
815,ST MARTIN BELLEVUE A41 N,entry,True,NO_ORIGIN,,0.0,,"https://www.google.com/maps/dir/45.989770,6.127912/45.989770,6.127912"
815,ST MARTIN BELLEVUE A41 N,exit,True,NO_ORIGIN,,0.0,,"https://www.google.com/maps/dir/45.989770,6.127912/45.989770,6.127912"
816,ST MARTIN BELLEVUE A410,entry,True,NO_ORIGIN,,0.0,,"https://www.google.com/maps/dir/45.991390,6.127310/45.991390,6.127310"
816,ST MARTIN BELLEVUE A410,exit,True,NO_ORIGIN,,0.0,,"https://www.google.com/maps/dir/45.991390,6.127310/45.991390,6.127310"
817,Peage de St-Martin-De-Crau,entry,True,NO_ORIGIN,,0.0,,"https://www.google.com/maps/dir/43.638141,4.857788/43.638141,4.857788"
817,Peage de St-Martin-De-Crau,exit,True,NO_ORIGIN,,0.0,,"https://www.google.com/maps/dir/43.638141,4.857788/43.638141,4.857788"
818,St-Martin-De-Crau Est,entry,False,NO_ORIGIN,,0.0,,"https://www.google.com/maps/dir/43.638199,4.838634/43.638199,4.838634"
818,St-Martin-De-Crau Est,exit,False,NO_ORIGIN,,0.0,,"https://www.google.com/maps/dir/43.638199,4.838634/43.638199,4.838634"
819,St-Martin-du-Fresne,entry,True,NO_ORIGIN,,0.0,,"https://www.google.com/maps/dir/46.135012,5.538949/46.135012,5.538949"
819,St-Martin-du-Fresne,exit,True,NO_ORIGIN,,0.0,,"https://www.google.com/maps/dir/46.135012,5.538949/46.135012,5.538949"
820,Péage de St-Maurice,entry,True,NO_ORIGIN,,0.0,,"https://www.google.com/maps/dir/47.426176,6.668984/47.426176,6.668984"
820,Péage de St-Maurice,exit,True,NO_ORIGIN,,0.0,,"https://www.google.com/maps/dir/47.426176,6.668984/47.426176,6.668984"
821,St-Maximin,entry,True,NO_ORIGIN,,0.0,,"https://www.google.com/maps/dir/43.451221,5.884116/43.451221,5.884116"
821,St-Maximin,exit,True,NO_ORIGIN,,0.0,,"https://www.google.com/maps/dir/43.451221,5.884116/43.451221,5.884116"
822,St-Michel Barrière,entry,True,NO_ORIGIN,,0.0,,"https://www.google.com/maps/dir/45.216813,6.465082/45.216813,6.465082"
822,St-Michel Barrière,exit,True,NO_ORIGIN,,0.0,,"https://www.google.com/maps/dir/45.216813,6.465082/45.216813,6.465082"
823,St-Michel Echangeur,entry,True,NO_ORIGIN,,0.0,,"https://www.google.com/maps/dir/45.216813,6.465082/45.216813,6.465082"
823,St-Michel Echangeur,exit,True,NO_ORIGIN,,0.0,,"https://www.google.com/maps/dir/45.216813,6.465082/45.216813,6.465082"
824,ST MICHEL MAURIENNE ECH,entry,True,NO_ORIGIN,,0.0,,"https://www.google.com/maps/dir/45.218617,6.459617/45.218617,6.459617"
824,ST MICHEL MAURIENNE ECH,exit,True,NO_ORIGIN,,0.0,,"https://www.google.com/maps/dir/45.218617,6.459617/45.218617,6.459617"
825,St-Paul-lez-Durance,entry,True,NO_ORIGIN,,0.0,,"https://www.google.com/maps/dir/43.703252,5.729264/43.703252,5.729264"
825,St-Paul-lez-Durance,exit,True,NO_ORIGIN,,0.0,,"https://www.google.com/maps/dir/43.703252,5.729264/43.703252,5.729264"
826,ST PIERRE BELLEVILLE,entry,False,NO_ORIGIN,,0.0,,"https://www.google.com/maps/dir/45.469875,6.287231/45.469875,6.287231"
826,ST PIERRE BELLEVILLE,exit,False,NO_ORIGIN,,0.0,,"https://www.google.com/maps/dir/45.469875,6.287231/45.469875,6.287231"
827,St-Pierre de Belleville/Epierre,entry,False,NO_ORIGIN,,0.0,,"https://www.google.com/maps/dir/45.475496,6.290023/45.475496,6.290023"
827,St-Pierre de Belleville/Epierre,exit,False,NO_ORIGIN,,0.0,,"https://www.google.com/maps/dir/45.475496,6.290023/45.475496,6.290023"
828,St-Pierre D’Albigny,entry,False,NO_ORIGIN,,0.0,,"https://www.google.com/maps/dir/45.546830,6.151317/45.546830,6.151317"
828,St-Pierre D’Albigny,exit,False,NO_ORIGIN,,0.0,,"https://www.google.com/maps/dir/45.546830,6.151317/45.546830,6.151317"
829,St-Priest centre,entry,False,NO_ORIGIN,,0.0,,"https://www.google.com/maps/dir/45.683020,4.961818/45.683020,4.961818"
829,St-Priest centre,exit,False,NO_ORIGIN,,0.0,,"https://www.google.com/maps/dir/45.683020,4.961818/45.683020,4.961818"
830,ST QUENTIN FAL. BARRIERE,entry,True,NO_ORIGIN,,0.0,,"https://www.google.com/maps/dir/45.648669,5.120215/45.648669,5.120215"
830,ST QUENTIN FAL. BARRIERE,exit,True,NO_ORIGIN,,0.0,,"https://www.google.com/maps/dir/45.648669,5.120215/45.648669,5.120215"
831,ST QUENTIN FAL. BRETELLE,entry,True,NO_ORIGIN,,0.0,,"https://www.google.com/maps/dir/45.648669,5.120215/45.648669,5.120215"
831,ST QUENTIN FAL. BRETELLE,exit,True,NO_ORIGIN,,0.0,,"https://www.google.com/maps/dir/45.648669,5.120215/45.648669,5.120215"
832,ST-ROMAIN-DE-COLBOSC,entry,True,NO_ORIGIN,,0.0,,"https://www.google.com/maps/dir/49.552338,0.335462/49.552338,0.335462"
832,ST-ROMAIN-DE-COLBOSC,exit,True,NO_ORIGIN,,0.0,,"https://www.google.com/maps/dir/49.552338,0.335462/49.552338,0.335462"
833,Péage de St-Romain-de-Popey,entry,False,NO_ORIGIN,,0.0,,"https://www.google.com/maps/dir/45.872108,4.508758/45.872108,4.508758"
833,Péage de St-Romain-de-Popey,exit,False,NO_ORIGIN,,0.0,,"https://www.google.com/maps/dir/45.872108,4.508758/45.872108,4.508758"
834,St-Romain-sur-Cher,entry,True,NO_ORIGIN,,0.0,,"https://www.google.com/maps/dir/47.305454,1.355688/47.305454,1.355688"
834,St-Romain-sur-Cher,exit,True,NO_ORIGIN,,0.0,,"https://www.google.com/maps/dir/47.305454,1.355688/47.305454,1.355688"
835,ST-SAËNS,entry,False,NO_ORIGIN,,0.0,,"https://www.google.com/maps/dir/49.648368,1.252525/49.648368,1.252525"
835,ST-SAËNS,exit,False,NO_ORIGIN,,0.0,,"https://www.google.com/maps/dir/49.648368,1.252525/49.648368,1.252525"
836,St-Thibault,entry,True,NO_ORIGIN,,0.0,,"https://www.google.com/maps/dir/48.221119,4.129461/48.221119,4.129461"
836,St-Thibault,exit,True,NO_ORIGIN,,0.0,,"https://www.google.com/maps/dir/48.221119,4.129461/48.221119,4.129461"
837,Ste-Hélène Barrière,entry,True,NO_ORIGIN,,0.0,,"https://www.google.com/maps/dir/45.620199,6.312050/45.620199,6.312050"
837,Ste-Hélène Barrière,exit,True,NO_ORIGIN,,0.0,,"https://www.google.com/maps/dir/45.620199,6.312050/45.620199,6.312050"
838,STE HERMINE,entry,True,NO_ORIGIN,,0.0,,"https://www.google.com/maps/dir/46.537581,-1.079225/46.537581,-1.079225"
838,STE HERMINE,exit,True,NO_ORIGIN,,0.0,,"https://www.google.com/maps/dir/46.537581,-1.079225/46.537581,-1.079225"
839,Ste-Marie de Cuines,entry,True,NO_ORIGIN,,0.0,,"https://www.google.com/maps/dir/45.341588,6.306763/45.341588,6.306763"
839,Ste-Marie de Cuines,exit,True,NO_ORIGIN,,0.0,,"https://www.google.com/maps/dir/45.341588,6.306763/45.341588,6.306763"
840,STE MENEHOULD,entry,False,NO_ORIGIN,,0.0,,"https://www.google.com/maps/dir/49.076404,4.883669/49.076404,4.883669"
840,STE MENEHOULD,exit,False,NO_ORIGIN,,0.0,,"https://www.google.com/maps/dir/49.076404,4.883669/49.076404,4.883669"
841,STRASBOURG(péage de Schwindratzheim),entry,False,NO_ORIGIN,,0.0,,"https://www.google.com/maps/dir/48.769544,7.602205/48.769544,7.602205"
841,STRASBOURG(péage de Schwindratzheim),exit,False,NO_ORIGIN,,0.0,,"https://www.google.com/maps/dir/48.769544,7.602205/48.769544,7.602205"
842,SYLANS,entry,True,NO_ORIGIN,,0.0,,"https://www.google.com/maps/dir/46.155950,5.647588/46.155950,5.647588"
842,SYLANS,exit,True,NO_ORIGIN,,0.0,,"https://www.google.com/maps/dir/46.155950,5.647588/46.155950,5.647588"
843,Sylans sud,entry,True,NO_ORIGIN,,0.0,,"https://www.google.com/maps/dir/46.155950,5.647588/46.155950,5.647588"
843,Sylans sud,exit,True,NO_ORIGIN,,0.0,,"https://www.google.com/maps/dir/46.155950,5.647588/46.155950,5.647588"
845,Tain,entry,True,NO_ORIGIN,,0.0,,"https://www.google.com/maps/dir/45.066979,4.871804/45.066979,4.871804"
845,Tain,exit,True,NO_ORIGIN,,0.0,,"https://www.google.com/maps/dir/45.066979,4.871804/45.066979,4.871804"
846,TANCARVILLE,entry,False,NO_ORIGIN,,0.0,,"https://www.google.com/maps/dir/49.463723,0.473980/49.463723,0.473980"
846,TANCARVILLE,exit,False,NO_ORIGIN,,0.0,,"https://www.google.com/maps/dir/49.463723,0.473980/49.463723,0.473980"
847,Tarare est (péage en système fermé),entry,False,NO_ORIGIN,,0.0,,"https://www.google.com/maps/dir/45.872884,4.514292/45.872884,4.514292"
847,Tarare est (péage en système fermé),exit,False,NO_ORIGIN,,0.0,,"https://www.google.com/maps/dir/45.872884,4.514292/45.872884,4.514292"
848,Tarare est (péage en système ouvert),entry,False,NO_ORIGIN,,0.0,,"https://www.google.com/maps/dir/45.872884,4.514292/45.872884,4.514292"
848,Tarare est (péage en système ouvert),exit,False,NO_ORIGIN,,0.0,,"https://www.google.com/maps/dir/45.872884,4.514292/45.872884,4.514292"
849,Tarare ouest,entry,True,NO_ORIGIN,,0.0,,"https://www.google.com/maps/dir/45.887907,4.406846/45.887907,4.406846"
849,Tarare ouest,exit,True,NO_ORIGIN,,0.0,,"https://www.google.com/maps/dir/45.887907,4.406846/45.887907,4.406846"
850,Tarbes est,entry,True,NO_ORIGIN,,0.0,,"https://www.google.com/maps/dir/43.216379,0.107907/43.216379,0.107907"
850,Tarbes est,exit,True,NO_ORIGIN,,0.0,,"https://www.google.com/maps/dir/43.216379,0.107907/43.216379,0.107907"
851,Tarbes ouest,entry,True,NO_ORIGIN,,0.0,,"https://www.google.com/maps/dir/43.218438,0.019360/43.218438,0.019360"
851,Tarbes ouest,exit,True,NO_ORIGIN,,0.0,,"https://www.google.com/maps/dir/43.218438,0.019360/43.218438,0.019360"
852,GARE TGV,entry,True,NO_ORIGIN,,0.0,,"https://www.google.com/maps/dir/49.850108,2.812819/49.850108,2.812819"
852,GARE TGV,exit,True,NO_ORIGIN,,0.0,,"https://www.google.com/maps/dir/49.850108,2.812819/49.850108,2.812819"
853,THENNELIERES,entry,False,NO_ORIGIN,,0.0,,"https://www.google.com/maps/dir/48.290329,4.165512/48.290329,4.165512"
853,THENNELIERES,exit,False,NO_ORIGIN,,0.0,,"https://www.google.com/maps/dir/48.290329,4.165512/48.290329,4.165512"
854,Péage de Thenon,entry,False,NO_ORIGIN,,0.0,,"https://www.google.com/maps/dir/45.151245,1.167471/45.151245,1.167471"
854,Péage de Thenon,exit,False,NO_ORIGIN,,0.0,,"https://www.google.com/maps/dir/45.151245,1.167471/45.151245,1.167471"
855,Thenon est,entry,False,NO_ORIGIN,,0.0,,"https://www.google.com/maps/dir/45.149955,1.176035/45.149955,1.176035"
855,Thenon est,exit,False,NO_ORIGIN,,0.0,,"https://www.google.com/maps/dir/45.149955,1.176035/45.149955,1.176035"
856,Théze,entry,True,NO_ORIGIN,,0.0,,"https://www.google.com/maps/dir/43.467348,-0.318343/43.467348,-0.318343"
856,Théze,exit,True,NO_ORIGIN,,0.0,,"https://www.google.com/maps/dir/43.467348,-0.318343/43.467348,-0.318343"
857,Thiers est,entry,True,NO_ORIGIN,,0.0,,"https://www.google.com/maps/dir/45.881229,3.624050/45.881229,3.624050"
857,Thiers est,exit,True,NO_ORIGIN,,0.0,,"https://www.google.com/maps/dir/45.881229,3.624050/45.881229,3.624050"
858,Thiers ouest,entry,False,NO_ORIGIN,,0.0,,"https://www.google.com/maps/dir/45.861026,3.501582/45.861026,3.501582"
858,Thiers ouest,exit,False,NO_ORIGIN,,0.0,,"https://www.google.com/maps/dir/45.861026,3.501582/45.861026,3.501582"
859,Thivars,entry,False,NO_ORIGIN,,0.0,,"https://www.google.com/maps/dir/48.363346,1.444298/48.363346,1.444298"
859,Thivars,exit,False,NO_ORIGIN,,0.0,,"https://www.google.com/maps/dir/48.363346,1.444298/48.363346,1.444298"
860,Thouarcé,entry,True,NO_ORIGIN,,0.0,,"https://www.google.com/maps/dir/47.333232,-0.601119/47.333232,-0.601119"
860,Thouarcé,exit,True,NO_ORIGIN,,0.0,,"https://www.google.com/maps/dir/47.333232,-0.601119/47.333232,-0.601119"
861,TIL CHATEL,entry,True,NO_ORIGIN,,0.0,,"https://www.google.com/maps/dir/47.540432,5.198528/47.540432,5.198528"
861,TIL CHATEL,exit,True,NO_ORIGIN,,0.0,,"https://www.google.com/maps/dir/47.540432,5.198528/47.540432,5.198528"
862,Tonnay-Charente,entry,False,NO_ORIGIN,,0.0,,"https://www.google.com/maps/dir/45.955621,-0.888786/45.955621,-0.888786"
862,Tonnay-Charente,exit,False,NO_ORIGIN,,0.0,,"https://www.google.com/maps/dir/45.955621,-0.888786/45.955621,-0.888786"
863,TORVILLIERS,entry,True,NO_ORIGIN,,0.0,,"https://www.google.com/maps/dir/48.284134,3.965517/48.284134,3.965517"
863,TORVILLIERS,exit,True,NO_ORIGIN,,0.0,,"https://www.google.com/maps/dir/48.284134,3.965517/48.284134,3.965517"
864,Toulon-ouest,entry,False,NO_ORIGIN,,0.0,,"https://www.google.com/maps/dir/43.126593,5.891788/43.126593,5.891788"
864,Toulon-ouest,exit,False,NO_ORIGIN,,0.0,,"https://www.google.com/maps/dir/43.126593,5.891788/43.126593,5.891788"
865,Peage de Toulouse est,entry,False,NO_ORIGIN,,0.0,,"https://www.google.com/maps/dir/43.647163,1.507852/43.647163,1.507852"
865,Peage de Toulouse est,exit,False,NO_ORIGIN,,0.0,,"https://www.google.com/maps/dir/43.647163,1.507852/43.647163,1.507852"
866,Péage de Toulouse nord/est,entry,False,NO_ORIGIN,,0.0,,"https://www.google.com/maps/dir/43.647163,1.507852/43.647163,1.507852"
866,Péage de Toulouse nord/est,exit,False,NO_ORIGIN,,0.0,,"https://www.google.com/maps/dir/43.647163,1.507852/43.647163,1.507852"
867,Péage de Toulouse nord/ouest,entry,False,NO_ORIGIN,,0.0,,"https://www.google.com/maps/dir/43.658863,1.427257/43.658863,1.427257"
867,Péage de Toulouse nord/ouest,exit,False,NO_ORIGIN,,0.0,,"https://www.google.com/maps/dir/43.658863,1.427257/43.658863,1.427257"
868,Péage de Toulouse sud/est,entry,False,NO_ORIGIN,,0.0,,"https://www.google.com/maps/dir/43.545981,1.499804/43.545981,1.499804"
868,Péage de Toulouse sud/est,exit,False,NO_ORIGIN,,0.0,,"https://www.google.com/maps/dir/43.545981,1.499804/43.545981,1.499804"
869,Péage de Toulouse sud/ouest,entry,True,NO_ORIGIN,,0.0,,"https://www.google.com/maps/dir/43.545477,1.500313/43.545477,1.500313"
869,Péage de Toulouse sud/ouest,exit,True,NO_ORIGIN,,0.0,,"https://www.google.com/maps/dir/43.545477,1.500313/43.545477,1.500313"
870,Tour de Salvagny limite de concession,entry,False,NO_ORIGIN,,0.0,,"https://www.google.com/maps/dir/45.811022,4.711075/45.811022,4.711075"
870,Tour de Salvagny limite de concession,exit,False,NO_ORIGIN,,0.0,,"https://www.google.com/maps/dir/45.811022,4.711075/45.811022,4.711075"
871,Tournay,entry,True,NO_ORIGIN,,0.0,,"https://www.google.com/maps/dir/43.174690,0.239196/43.174690,0.239196"
871,Tournay,exit,True,NO_ORIGIN,,0.0,,"https://www.google.com/maps/dir/43.174690,0.239196/43.174690,0.239196"
872,TOURNUS,entry,True,NO_ORIGIN,,0.0,,"https://www.google.com/maps/dir/46.580803,4.899567/46.580803,4.899567"
872,TOURNUS,exit,True,NO_ORIGIN,,0.0,,"https://www.google.com/maps/dir/46.580803,4.899567/46.580803,4.899567"
873,TOURS-C/MONNAIE,entry,True,NO_ORIGIN,,0.0,,"https://www.google.com/maps/dir/47.490815,0.822053/47.490815,0.822053"
873,TOURS-C/MONNAIE,exit,True,NO_ORIGIN,,0.0,,"https://www.google.com/maps/dir/47.490815,0.822053/47.490815,0.822053"
874,Peage de Tours centre,entry,False,NO_ORIGIN,,0.0,,"https://www.google.com/maps/dir/47.381630,0.711995/47.381630,0.711995"
874,Peage de Tours centre,exit,False,NO_ORIGIN,,0.0,,"https://www.google.com/maps/dir/47.381630,0.711995/47.381630,0.711995"
875,TOURS CENTRE,entry,False,NO_ORIGIN,,0.0,,"https://www.google.com/maps/dir/47.346529,0.702002/47.346529,0.702002"
875,TOURS CENTRE,exit,False,NO_ORIGIN,,0.0,,"https://www.google.com/maps/dir/47.346529,0.702002/47.346529,0.702002"
876,TOURS CENTRE,entry,True,NO_ORIGIN,,0.0,,"https://www.google.com/maps/dir/47.329442,0.693234/47.329442,0.693234"
876,TOURS CENTRE,exit,True,NO_ORIGIN,,0.0,,"https://www.google.com/maps/dir/47.329442,0.693234/47.329442,0.693234"
877,TOURS CENTRE,entry,False,NO_ORIGIN,,0.0,,"https://www.google.com/maps/dir/47.255483,0.665549/47.255483,0.665549"
877,TOURS CENTRE,exit,False,NO_ORIGIN,,0.0,,"https://www.google.com/maps/dir/47.255483,0.665549/47.255483,0.665549"
878,TOURS CENTRE,entry,True,NO_ORIGIN,,0.0,,"https://www.google.com/maps/dir/47.554568,0.598665/47.554568,0.598665"
878,TOURS CENTRE,exit,True,NO_ORIGIN,,0.0,,"https://www.google.com/maps/dir/47.554568,0.598665/47.554568,0.598665"
879,TOURS CENTRE,entry,False,NO_ORIGIN,,0.0,,"https://www.google.com/maps/dir/47.449214,0.744272/47.449214,0.744272"
879,TOURS CENTRE,exit,False,NO_ORIGIN,,0.0,,"https://www.google.com/maps/dir/47.449214,0.744272/47.449214,0.744272"
880,TOURS CENTRE (CANDE),entry,False,NO_ORIGIN,,0.0,,"https://www.google.com/maps/dir/47.382639,0.685695/47.382639,0.685695"
880,TOURS CENTRE (CANDE),exit,False,NO_ORIGIN,,0.0,,"https://www.google.com/maps/dir/47.382639,0.685695/47.382639,0.685695"
881,TOURS CENTRE (MONNAIE),entry,True,NO_ORIGIN,,0.0,,"https://www.google.com/maps/dir/47.490817,0.822058/47.490817,0.822058"
881,TOURS CENTRE (MONNAIE),exit,True,NO_ORIGIN,,0.0,,"https://www.google.com/maps/dir/47.490817,0.822058/47.490817,0.822058"
882,TOURS CENTRE (SAINT CHRISTOPHE),entry,True,NO_ORIGIN,,0.0,,"https://www.google.com/maps/dir/47.631629,0.505869/47.631629,0.505869"
882,TOURS CENTRE (SAINT CHRISTOPHE),exit,True,NO_ORIGIN,,0.0,,"https://www.google.com/maps/dir/47.631629,0.505869/47.631629,0.505869"
883,TOURS CENTRE (SORIGNY),entry,True,NO_ORIGIN,,0.0,,"https://www.google.com/maps/dir/47.212934,0.656269/47.212934,0.656269"
883,TOURS CENTRE (SORIGNY),exit,True,NO_ORIGIN,,0.0,,"https://www.google.com/maps/dir/47.212934,0.656269/47.212934,0.656269"
884,TOURS NORD,entry,False,NO_ORIGIN,,0.0,,"https://www.google.com/maps/dir/47.449214,0.744272/47.449214,0.744272"
884,TOURS NORD,exit,False,NO_ORIGIN,,0.0,,"https://www.google.com/maps/dir/47.449214,0.744272/47.449214,0.744272"
885,TOUTAINVILLE,entry,False,NO_ORIGIN,,0.0,,"https://www.google.com/maps/dir/49.364096,0.467424/49.364096,0.467424"
885,TOUTAINVILLE,exit,False,NO_ORIGIN,,0.0,,"https://www.google.com/maps/dir/49.364096,0.467424/49.364096,0.467424"
886,TROARN,entry,False,NO_ORIGIN,,0.0,,"https://www.google.com/maps/dir/49.179369,-0.201046/49.179369,-0.201046"
886,TROARN,exit,False,NO_ORIGIN,,0.0,,"https://www.google.com/maps/dir/49.179369,-0.201046/49.179369,-0.201046"
887,TULLE EST,entry,True,NO_ORIGIN,,0.0,,"https://www.google.com/maps/dir/45.312914,1.852880/45.312914,1.852880"
887,TULLE EST,exit,True,NO_ORIGIN,,0.0,,"https://www.google.com/maps/dir/45.312914,1.852880/45.312914,1.852880"
888,TULLE EST,entry,True,NO_ORIGIN,,0.0,,"https://www.google.com/maps/dir/45.312914,1.852880/45.312914,1.852880"
888,TULLE EST,exit,True,NO_ORIGIN,,0.0,,"https://www.google.com/maps/dir/45.312914,1.852880/45.312914,1.852880"
889,TULLE NORD,entry,False,NO_ORIGIN,,0.0,,"https://www.google.com/maps/dir/45.325695,1.757387/45.325695,1.757387"
889,TULLE NORD,exit,False,NO_ORIGIN,,0.0,,"https://www.google.com/maps/dir/45.325695,1.757387/45.325695,1.757387"
890,TULLE NORD,entry,False,NO_ORIGIN,,0.0,,"https://www.google.com/maps/dir/45.325695,1.757387/45.325695,1.757387"
890,TULLE NORD,exit,False,NO_ORIGIN,,0.0,,"https://www.google.com/maps/dir/45.325695,1.757387/45.325695,1.757387"
891,TULLINS,entry,False,NO_ORIGIN,,0.0,,"https://www.google.com/maps/dir/45.286702,5.521837/45.286702,5.521837"
891,TULLINS,exit,False,NO_ORIGIN,,0.0,,"https://www.google.com/maps/dir/45.286702,5.521837/45.286702,5.521837"
892,Urt,entry,False,NO_ORIGIN,,0.0,,"https://www.google.com/maps/dir/43.465372,-1.287522/43.465372,-1.287522"
892,Urt,exit,False,NO_ORIGIN,,0.0,,"https://www.google.com/maps/dir/43.465372,-1.287522/43.465372,-1.287522"
893,URY,entry,True,NO_ORIGIN,,0.0,,"https://www.google.com/maps/dir/48.339767,2.592321/48.339767,2.592321"
893,URY,exit,True,NO_ORIGIN,,0.0,,"https://www.google.com/maps/dir/48.339767,2.592321/48.339767,2.592321"
894,USSEL EST,entry,True,NO_ORIGIN,,0.0,,"https://www.google.com/maps/dir/45.585222,2.417689/45.585222,2.417689"
894,USSEL EST,exit,True,NO_ORIGIN,,0.0,,"https://www.google.com/maps/dir/45.585222,2.417689/45.585222,2.417689"
895,USSEL EST,entry,True,NO_ORIGIN,,0.0,,"https://www.google.com/maps/dir/45.585222,2.417689/45.585222,2.417689"
895,USSEL EST,exit,True,NO_ORIGIN,,0.0,,"https://www.google.com/maps/dir/45.585222,2.417689/45.585222,2.417689"
896,USSEL OUEST,entry,True,NO_ORIGIN,,0.0,,"https://www.google.com/maps/dir/45.515163,2.265957/45.515163,2.265957"
896,USSEL OUEST,exit,True,NO_ORIGIN,,0.0,,"https://www.google.com/maps/dir/45.515163,2.265957/45.515163,2.265957"
897,USSEL OUEST,entry,True,NO_ORIGIN,,0.0,,"https://www.google.com/maps/dir/45.515163,2.265957/45.515163,2.265957"
897,USSEL OUEST,exit,True,NO_ORIGIN,,0.0,,"https://www.google.com/maps/dir/45.515163,2.265957/45.515163,2.265957"
898,Vaiges,entry,True,NO_ORIGIN,,0.0,,"https://www.google.com/maps/dir/48.056219,-0.482688/48.056219,-0.482688"
898,Vaiges,exit,True,NO_ORIGIN,,0.0,,"https://www.google.com/maps/dir/48.056219,-0.482688/48.056219,-0.482688"
899,Péage de Val de Loing barrière,entry,False,NO_ORIGIN,,0.0,,"https://www.google.com/maps/dir/48.176333,2.766695/48.176333,2.766695"
899,Péage de Val de Loing barrière,exit,False,NO_ORIGIN,,0.0,,"https://www.google.com/maps/dir/48.176333,2.766695/48.176333,2.766695"
900,VAL DE LOING-SOUPPES,entry,True,NO_ORIGIN,,0.0,,"https://www.google.com/maps/dir/48.173156,2.765718/48.173156,2.765718"
900,VAL DE LOING-SOUPPES,exit,True,NO_ORIGIN,,0.0,,"https://www.google.com/maps/dir/48.173156,2.765718/48.173156,2.765718"
901,Péage de Val de Saône,entry,True,NO_ORIGIN,,0.0,,"https://www.google.com/maps/dir/46.274919,4.815537/46.274919,4.815537"
901,Péage de Val de Saône,exit,True,NO_ORIGIN,,0.0,,"https://www.google.com/maps/dir/46.274919,4.815537/46.274919,4.815537"
902,VAL DE SAONE,entry,True,NO_ORIGIN,,0.0,,"https://www.google.com/maps/dir/46.274919,4.815537/46.274919,4.815537"
902,VAL DE SAONE,exit,True,NO_ORIGIN,,0.0,,"https://www.google.com/maps/dir/46.274919,4.815537/46.274919,4.815537"
903,Valence-d’Agen,entry,True,NO_ORIGIN,,0.0,,"https://www.google.com/maps/dir/44.061688,0.863892/44.061688,0.863892"
903,Valence-d’Agen,exit,True,NO_ORIGIN,,0.0,,"https://www.google.com/maps/dir/44.061688,0.863892/44.061688,0.863892"
904,Valence nord,entry,True,NO_ORIGIN,,0.0,,"https://www.google.com/maps/dir/44.973502,4.885644/44.973502,4.885644"
904,Valence nord,exit,True,NO_ORIGIN,,0.0,,"https://www.google.com/maps/dir/44.973502,4.885644/44.973502,4.885644"
905,Valence sud,entry,True,NO_ORIGIN,,0.0,,"https://www.google.com/maps/dir/44.903685,4.875941/44.903685,4.875941"
905,Valence sud,exit,True,NO_ORIGIN,,0.0,,"https://www.google.com/maps/dir/44.903685,4.875941/44.903685,4.875941"
906,VALLÉE DE L'AUBE,entry,True,NO_ORIGIN,,0.0,,"https://www.google.com/maps/dir/48.524379,4.179431/48.524379,4.179431"
906,VALLÉE DE L'AUBE,exit,True,NO_ORIGIN,,0.0,,"https://www.google.com/maps/dir/48.524379,4.179431/48.524379,4.179431"
907,VALLÉE DE LA NIÈVRE,entry,True,NO_ORIGIN,,0.0,,"https://www.google.com/maps/dir/50.033046,2.075471/50.033046,2.075471"
907,VALLÉE DE LA NIÈVRE,exit,True,NO_ORIGIN,,0.0,,"https://www.google.com/maps/dir/50.033046,2.075471/50.033046,2.075471"
908,Vallée de l’Aube,entry,True,NO_ORIGIN,,0.0,,"https://www.google.com/maps/dir/48.524379,4.179431/48.524379,4.179431"
908,Vallée de l’Aube,exit,True,NO_ORIGIN,,0.0,,"https://www.google.com/maps/dir/48.524379,4.179431/48.524379,4.179431"
909,VATRY,entry,True,NO_ORIGIN,,0.0,,"https://www.google.com/maps/dir/48.764091,4.242832/48.764091,4.242832"
909,VATRY,exit,True,NO_ORIGIN,,0.0,,"https://www.google.com/maps/dir/48.764091,4.242832/48.764091,4.242832"
910,Péage de Veauchette,entry,False,NO_ORIGIN,,0.0,,"https://www.google.com/maps/dir/45.561016,4.241853/45.561016,4.241853"
910,Péage de Veauchette,exit,False,NO_ORIGIN,,0.0,,"https://www.google.com/maps/dir/45.561016,4.241853/45.561016,4.241853"
911,Péage de Veigné,entry,False,NO_ORIGIN,,0.0,,"https://www.google.com/maps/dir/47.311654,0.732015/47.311654,0.732015"
911,Péage de Veigné,exit,False,NO_ORIGIN,,0.0,,"https://www.google.com/maps/dir/47.311654,0.732015/47.311654,0.732015"
912,VEIGNE,entry,False,NO_ORIGIN,,0.0,,"https://www.google.com/maps/dir/47.311654,0.732015/47.311654,0.732015"
912,VEIGNE,exit,False,NO_ORIGIN,,0.0,,"https://www.google.com/maps/dir/47.311654,0.732015/47.311654,0.732015"
913,Vendargues,entry,False,NO_ORIGIN,,0.0,,"https://www.google.com/maps/dir/43.654069,3.992053/43.654069,3.992053"
913,Vendargues,exit,False,NO_ORIGIN,,0.0,,"https://www.google.com/maps/dir/43.654069,3.992053/43.654069,3.992053"
914,Vénissieux,entry,False,NO_ORIGIN,,0.0,,"https://www.google.com/maps/dir/45.663492,4.923720/45.663492,4.923720"
914,Vénissieux,exit,False,NO_ORIGIN,,0.0,,"https://www.google.com/maps/dir/45.663492,4.923720/45.663492,4.923720"
915,Verdun,entry,False,NO_ORIGIN,,0.0,,"https://www.google.com/maps/dir/49.109667,5.413425/49.109667,5.413425"
915,Verdun,exit,False,NO_ORIGIN,,0.0,,"https://www.google.com/maps/dir/49.109667,5.413425/49.109667,5.413425"
916,VERDUN,entry,True,NO_ORIGIN,,0.0,,"https://www.google.com/maps/dir/49.108801,5.416236/49.108801,5.416236"
916,VERDUN,exit,True,NO_ORIGIN,,0.0,,"https://www.google.com/maps/dir/49.108801,5.416236/49.108801,5.416236"
917,VICHY,entry,False,NO_ORIGIN,,0.0,,"https://www.google.com/maps/dir/46.103043,3.232554/46.103043,3.232554"
917,VICHY,exit,False,NO_ORIGIN,,0.0,,"https://www.google.com/maps/dir/46.103043,3.232554/46.103043,3.232554"
918,VIEILLEVILLE,entry,False,NO_ORIGIN,,0.0,,"https://www.google.com/maps/dir/47.291283,-1.476359/47.291283,-1.476359"
918,VIEILLEVILLE,exit,False,NO_ORIGIN,,0.0,,"https://www.google.com/maps/dir/47.291283,-1.476359/47.291283,-1.476359"
919,Peage de Vienne,entry,True,NO_ORIGIN,,0.0,,"https://www.google.com/maps/dir/45.475800,4.832583/45.475800,4.832583"
919,Peage de Vienne,exit,True,NO_ORIGIN,,0.0,,"https://www.google.com/maps/dir/45.475800,4.832583/45.475800,4.832583"
920,Vienne nord,entry,False,NO_ORIGIN,,0.0,,"https://www.google.com/maps/dir/45.543360,4.844688/45.543360,4.844688"
920,Vienne nord,exit,False,NO_ORIGIN,,0.0,,"https://www.google.com/maps/dir/45.543360,4.844688/45.543360,4.844688"
921,Vienne sud,entry,True,NO_ORIGIN,,0.0,,"https://www.google.com/maps/dir/45.490872,4.835851/45.490872,4.835851"
921,Vienne sud,exit,True,NO_ORIGIN,,0.0,,"https://www.google.com/maps/dir/45.490872,4.835851/45.490872,4.835851"
922,VIERZON EST,entry,True,NO_ORIGIN,,0.0,,"https://www.google.com/maps/dir/47.208016,2.120131/47.208016,2.120131"
922,VIERZON EST,exit,True,NO_ORIGIN,,0.0,,"https://www.google.com/maps/dir/47.208016,2.120131/47.208016,2.120131"
923,VIERZON NORD,entry,True,NO_ORIGIN,,0.0,,"https://www.google.com/maps/dir/47.245069,2.062160/47.245069,2.062160"
923,VIERZON NORD,exit,True,NO_ORIGIN,,0.0,,"https://www.google.com/maps/dir/47.245069,2.062160/47.245069,2.062160"
924,VILLE SOUS LA FERTE,entry,True,NO_ORIGIN,,0.0,,"https://www.google.com/maps/dir/48.112644,4.781367/48.112644,4.781367"
924,VILLE SOUS LA FERTE,exit,True,NO_ORIGIN,,0.0,,"https://www.google.com/maps/dir/48.112644,4.781367/48.112644,4.781367"
925,VILLE SOUS LAFERTE,entry,False,NO_ORIGIN,,0.0,,"https://www.google.com/maps/dir/48.114968,4.785555/48.114968,4.785555"
925,VILLE SOUS LAFERTE,exit,False,NO_ORIGIN,,0.0,,"https://www.google.com/maps/dir/48.114968,4.785555/48.114968,4.785555"
926,VILLEFONTAINE,entry,False,NO_ORIGIN,,0.0,,"https://www.google.com/maps/dir/45.628477,5.164304/45.628477,5.164304"
926,VILLEFONTAINE,exit,False,NO_ORIGIN,,0.0,,"https://www.google.com/maps/dir/45.628477,5.164304/45.628477,5.164304"
927,Villefranche-de-Lauragais,entry,True,NO_ORIGIN,,0.0,,"https://www.google.com/maps/dir/43.395919,1.694023/43.395919,1.694023"
927,Villefranche-de-Lauragais,exit,True,NO_ORIGIN,,0.0,,"https://www.google.com/maps/dir/43.395919,1.694023/43.395919,1.694023"
928,Péage de Villefranche-Limas,entry,False,NO_ORIGIN,,0.0,,"https://www.google.com/maps/dir/45.974991,4.734005/45.974991,4.734005"
928,Péage de Villefranche-Limas,exit,False,NO_ORIGIN,,0.0,,"https://www.google.com/maps/dir/45.974991,4.734005/45.974991,4.734005"
929,VILLEFRANCHE-LIMAS,entry,False,NO_ORIGIN,,0.0,,"https://www.google.com/maps/dir/45.974991,4.734005/45.974991,4.734005"
929,VILLEFRANCHE-LIMAS,exit,False,NO_ORIGIN,,0.0,,"https://www.google.com/maps/dir/45.974991,4.734005/45.974991,4.734005"
930,Villefranche nord,entry,False,NO_ORIGIN,,0.0,,"https://www.google.com/maps/dir/46.022648,4.725251/46.022648,4.725251"
930,Villefranche nord,exit,False,NO_ORIGIN,,0.0,,"https://www.google.com/maps/dir/46.022648,4.725251/46.022648,4.725251"
931,VILLEFRANCHE S/ CHER,entry,True,NO_ORIGIN,,0.0,,"https://www.google.com/maps/dir/47.324275,1.765960/47.324275,1.765960"
931,VILLEFRANCHE S/ CHER,exit,True,NO_ORIGIN,,0.0,,"https://www.google.com/maps/dir/47.324275,1.765960/47.324275,1.765960"
932,Villefranche-sur-Cher,entry,True,NO_ORIGIN,,0.0,,"https://www.google.com/maps/dir/47.321114,1.767852/47.321114,1.767852"
932,Villefranche-sur-Cher,exit,True,NO_ORIGIN,,0.0,,"https://www.google.com/maps/dir/47.321114,1.767852/47.321114,1.767852"
933,Villefranche ville,entry,True,NO_ORIGIN,,0.0,,"https://www.google.com/maps/dir/45.973311,4.731815/45.973311,4.731815"
933,Villefranche ville,exit,True,NO_ORIGIN,,0.0,,"https://www.google.com/maps/dir/45.973311,4.731815/45.973311,4.731815"
934,VILLENEUVE-DONDAGRE,entry,True,NO_ORIGIN,,0.0,,"https://www.google.com/maps/dir/48.147851,3.164731/48.147851,3.164731"
934,VILLENEUVE-DONDAGRE,exit,True,NO_ORIGIN,,0.0,,"https://www.google.com/maps/dir/48.147851,3.164731/48.147851,3.164731"
935,Villeneuve-Loubet/Cagnes-ouest,entry,False,NO_ORIGIN,,0.0,,"https://www.google.com/maps/dir/43.645839,7.136528/43.645839,7.136528"
935,Villeneuve-Loubet/Cagnes-ouest,exit,False,NO_ORIGIN,,0.0,,"https://www.google.com/maps/dir/43.645839,7.136528/43.645839,7.136528"
936,Villeneuve-Loubet Plage,entry,False,NO_ORIGIN,,0.0,,"https://www.google.com/maps/dir/43.632361,7.122555/43.632361,7.122555"
936,Villeneuve-Loubet Plage,exit,False,NO_ORIGIN,,0.0,,"https://www.google.com/maps/dir/43.632361,7.122555/43.632361,7.122555"
937,VILLERS-BRETONNEUX,entry,True,NO_ORIGIN,,0.0,,"https://www.google.com/maps/dir/49.854010,2.518846/49.854010,2.518846"
937,VILLERS-BRETONNEUX,exit,True,NO_ORIGIN,,0.0,,"https://www.google.com/maps/dir/49.854010,2.518846/49.854010,2.518846"
938,VINAY,entry,False,NO_ORIGIN,,0.0,,"https://www.google.com/maps/dir/45.199401,5.419444/45.199401,5.419444"
938,VINAY,exit,False,NO_ORIGIN,,0.0,,"https://www.google.com/maps/dir/45.199401,5.419444/45.199401,5.419444"
939,Viriat,entry,True,NO_ORIGIN,,0.0,,"https://www.google.com/maps/dir/46.234715,5.279537/46.234715,5.279537"
939,Viriat,exit,True,NO_ORIGIN,,0.0,,"https://www.google.com/maps/dir/46.234715,5.279537/46.234715,5.279537"
940,Péage de Virsac,entry,True,NO_ORIGIN,,0.0,,"https://www.google.com/maps/dir/45.023487,-0.435791/45.023487,-0.435791"
940,Péage de Virsac,exit,True,NO_ORIGIN,,0.0,,"https://www.google.com/maps/dir/45.023487,-0.435791/45.023487,-0.435791"
941,VIRSAC,entry,True,NO_ORIGIN,,0.0,,"https://www.google.com/maps/dir/45.023487,-0.435791/45.023487,-0.435791"
941,VIRSAC,exit,True,NO_ORIGIN,,0.0,,"https://www.google.com/maps/dir/45.023487,-0.435791/45.023487,-0.435791"
942,Péage de Viry,entry,True,NO_ORIGIN,,0.0,,"https://www.google.com/maps/dir/46.120266,6.010255/46.120266,6.010255"
942,Péage de Viry,exit,True,NO_ORIGIN,,0.0,,"https://www.google.com/maps/dir/46.120266,6.010255/46.120266,6.010255"
943,VIRY,entry,True,NO_ORIGIN,,0.0,,"https://www.google.com/maps/dir/46.120266,6.010255/46.120266,6.010255"
943,VIRY,exit,True,NO_ORIGIN,,0.0,,"https://www.google.com/maps/dir/46.120266,6.010255/46.120266,6.010255"
944,VITRE (LA GRAVELLE),entry,False,NO_ORIGIN,,0.0,,"https://www.google.com/maps/dir/48.082836,-1.032594/48.082836,-1.032594"
944,VITRE (LA GRAVELLE),exit,False,NO_ORIGIN,,0.0,,"https://www.google.com/maps/dir/48.082836,-1.032594/48.082836,-1.032594"
945,Vivy Saumur,entry,True,NO_ORIGIN,,0.0,,"https://www.google.com/maps/dir/47.312917,-0.034755/47.312917,-0.034755"
945,Vivy Saumur,exit,True,NO_ORIGIN,,0.0,,"https://www.google.com/maps/dir/47.312917,-0.034755/47.312917,-0.034755"
946,VOIE SACREE,entry,False,NO_ORIGIN,,0.0,,"https://www.google.com/maps/dir/49.093813,5.278525/49.093813,5.278525"
946,VOIE SACREE,exit,False,NO_ORIGIN,,0.0,,"https://www.google.com/maps/dir/49.093813,5.278525/49.093813,5.278525"
947,VOIE SACRÉE,entry,True,NO_ORIGIN,,0.0,,"https://www.google.com/maps/dir/49.096194,5.276358/49.096194,5.276358"
947,VOIE SACRÉE,exit,True,NO_ORIGIN,,0.0,,"https://www.google.com/maps/dir/49.096194,5.276358/49.096194,5.276358"
948,VOIRON,entry,False,NO_ORIGIN,,0.0,,"https://www.google.com/maps/dir/45.347673,5.566445/45.347673,5.566445"
948,VOIRON,exit,False,NO_ORIGIN,,0.0,,"https://www.google.com/maps/dir/45.347673,5.566445/45.347673,5.566445"
949,VOREPPE BARRIERE,entry,True,NO_ORIGIN,,0.0,,"https://www.google.com/maps/dir/45.285187,5.621145/45.285187,5.621145"
949,VOREPPE BARRIERE,exit,True,NO_ORIGIN,,0.0,,"https://www.google.com/maps/dir/45.285187,5.621145/45.285187,5.621145"
950,Vouillé,entry,True,NO_ORIGIN,,0.0,,"https://www.google.com/maps/dir/46.306563,-0.357747/46.306563,-0.357747"
950,Vouillé,exit,True,NO_ORIGIN,,0.0,,"https://www.google.com/maps/dir/46.306563,-0.357747/46.306563,-0.357747"
951,Vulaines,entry,True,NO_ORIGIN,,0.0,,"https://www.google.com/maps/dir/48.240959,3.599491/48.240959,3.599491"
951,Vulaines,exit,True,NO_ORIGIN,,0.0,,"https://www.google.com/maps/dir/48.240959,3.599491/48.240959,3.599491"
952,Vulcania Bromont,entry,True,NO_ORIGIN,,0.0,,"https://www.google.com/maps/dir/45.834239,2.817996/45.834239,2.817996"
952,Vulcania Bromont,exit,True,NO_ORIGIN,,0.0,,"https://www.google.com/maps/dir/45.834239,2.817996/45.834239,2.817996"
953,VULCANIA-BROMONT,entry,True,NO_ORIGIN,,0.0,,"https://www.google.com/maps/dir/45.834239,2.817996/45.834239,2.817996"
953,VULCANIA-BROMONT,exit,True,NO_ORIGIN,,0.0,,"https://www.google.com/maps/dir/45.834239,2.817996/45.834239,2.817996"
954,YERVILLE,entry,True,NO_ORIGIN,,0.0,,"https://www.google.com/maps/dir/49.652242,0.847803/49.652242,0.847803"
954,YERVILLE,exit,True,NO_ORIGIN,,0.0,,"https://www.google.com/maps/dir/49.652242,0.847803/49.652242,0.847803"
955,YVETOT,entry,False,NO_ORIGIN,,0.0,,"https://www.google.com/maps/dir/49.627468,0.806254/49.627468,0.806254"
955,YVETOT,exit,False,NO_ORIGIN,,0.0,,"https://www.google.com/maps/dir/49.627468,0.806254/49.627468,0.806254"
956,ZI nord,entry,False,NO_ORIGIN,,0.0,,"https://www.google.com/maps/dir/44.031795,1.387787/44.031795,1.387787"
956,ZI nord,exit,False,NO_ORIGIN,,0.0,,"https://www.google.com/maps/dir/44.031795,1.387787/44.031795,1.387787"
957,Système Ouvert A,entry,True,NO_ORIGIN,,0.0,,"https://www.google.com/maps/dir/46.285741,4.787738/46.285741,4.787738"
957,Système Ouvert A,exit,True,NO_ORIGIN,,0.0,,"https://www.google.com/maps/dir/46.285741,4.787738/46.285741,4.787738"
958,Système Ouvert B,entry,True,NO_ORIGIN,,0.0,,"https://www.google.com/maps/dir/45.859465,4.980398/45.859465,4.980398"
958,Système Ouvert B,exit,True,NO_ORIGIN,,0.0,,"https://www.google.com/maps/dir/45.859465,4.980398/45.859465,4.980398"
959,Système Ouvert C,entry,True,NO_ORIGIN,,0.0,,"https://www.google.com/maps/dir/48.293145,7.231051/48.293145,7.231051"
959,Système Ouvert C,exit,True,NO_ORIGIN,,0.0,,"https://www.google.com/maps/dir/48.293145,7.231051/48.293145,7.231051"
960,Système Ouvert D,entry,False,NO_ORIGIN,,0.0,,"https://www.google.com/maps/dir/46.126005,3.362406/46.126005,3.362406"
960,Système Ouvert D,exit,False,NO_ORIGIN,,0.0,,"https://www.google.com/maps/dir/46.126005,3.362406/46.126005,3.362406"
961,Système Ouvert E,entry,True,NO_ORIGIN,,0.0,,"https://www.google.com/maps/dir/45.859173,4.982131/45.859173,4.982131"
961,Système Ouvert E,exit,True,NO_ORIGIN,,0.0,,"https://www.google.com/maps/dir/45.859173,4.982131/45.859173,4.982131"
962,Système Ouvert F,entry,True,NO_ORIGIN,,0.0,,"https://www.google.com/maps/dir/45.886080,3.153877/45.886080,3.153877"
962,Système Ouvert F,exit,True,NO_ORIGIN,,0.0,,"https://www.google.com/maps/dir/45.886080,3.153877/45.886080,3.153877"
963,Système Ouvert G,entry,True,NO_ORIGIN,,0.0,,"https://www.google.com/maps/dir/45.854757,5.103941/45.854757,5.103941"
963,Système Ouvert G,exit,True,NO_ORIGIN,,0.0,,"https://www.google.com/maps/dir/45.854757,5.103941/45.854757,5.103941"
964,Système Ouvert H,entry,True,NO_ORIGIN,,0.0,,"https://www.google.com/maps/dir/45.865901,4.614590/45.865901,4.614590"
964,Système Ouvert H,exit,True,NO_ORIGIN,,0.0,,"https://www.google.com/maps/dir/45.865901,4.614590/45.865901,4.614590"
965,Système Ouvert I,entry,False,NO_ORIGIN,,0.0,,"https://www.google.com/maps/dir/47.176889,3.043597/47.176889,3.043597"
965,Système Ouvert I,exit,False,NO_ORIGIN,,0.0,,"https://www.google.com/maps/dir/47.176889,3.043597/47.176889,3.043597"
966,Système Ouvert J,entry,False,NO_ORIGIN,,0.0,,"https://www.google.com/maps/dir/47.459823,6.760307/47.459823,6.760307"
966,Système Ouvert J,exit,False,NO_ORIGIN,,0.0,,"https://www.google.com/maps/dir/47.459823,6.760307/47.459823,6.760307"
967,Système Ouvert K,entry,False,NO_ORIGIN,,0.0,,"https://www.google.com/maps/dir/47.637386,2.676794/47.637386,2.676794"
967,Système Ouvert K,exit,False,NO_ORIGIN,,0.0,,"https://www.google.com/maps/dir/47.637386,2.676794/47.637386,2.676794"
968,Système Ouvert L,entry,True,NO_ORIGIN,,0.0,,"https://www.google.com/maps/dir/46.145620,4.769422/46.145620,4.769422"
968,Système Ouvert L,exit,True,NO_ORIGIN,,0.0,,"https://www.google.com/maps/dir/46.145620,4.769422/46.145620,4.769422"
969,Système Ouvert M,entry,False,NO_ORIGIN,,0.0,,"https://www.google.com/maps/dir/47.620601,2.764955/47.620601,2.764955"
969,Système Ouvert M,exit,False,NO_ORIGIN,,0.0,,"https://www.google.com/maps/dir/47.620601,2.764955/47.620601,2.764955"
970,Système Ouvert N,entry,True,NO_ORIGIN,,0.0,,"https://www.google.com/maps/dir/45.494225,6.058557/45.494225,6.058557"
970,Système Ouvert N,exit,True,NO_ORIGIN,,0.0,,"https://www.google.com/maps/dir/45.494225,6.058557/45.494225,6.058557"
971,Système Ouvert O,entry,False,NO_ORIGIN,,0.0,,"https://www.google.com/maps/dir/45.725309,4.892914/45.725309,4.892914"
971,Système Ouvert O,exit,False,NO_ORIGIN,,0.0,,"https://www.google.com/maps/dir/45.725309,4.892914/45.725309,4.892914"
972,Système Ouvert P,entry,False,NO_ORIGIN,,0.0,,"https://www.google.com/maps/dir/45.825073,5.035033/45.825073,5.035033"
972,Système Ouvert P,exit,False,NO_ORIGIN,,0.0,,"https://www.google.com/maps/dir/45.825073,5.035033/45.825073,5.035033"
973,Système Ouvert Q,entry,False,NO_ORIGIN,,0.0,,"https://www.google.com/maps/dir/46.120490,6.328661/46.120490,6.328661"
973,Système Ouvert Q,exit,False,NO_ORIGIN,,0.0,,"https://www.google.com/maps/dir/46.120490,6.328661/46.120490,6.328661"
974,Système Ouvert R,entry,False,NO_ORIGIN,,0.0,,"https://www.google.com/maps/dir/45.240831,5.849909/45.240831,5.849909"
974,Système Ouvert R,exit,False,NO_ORIGIN,,0.0,,"https://www.google.com/maps/dir/45.240831,5.849909/45.240831,5.849909"
900001,PEAGE VIADUC DE MILLAU,entry,True,NO_ORIGIN,,0.0,,"https://www.google.com/maps/dir/44.134137,3.025560/44.134137,3.025560"
900001,PEAGE VIADUC DE MILLAU,exit,True,NO_ORIGIN,,0.0,,"https://www.google.com/maps/dir/44.134137,3.025560/44.134137,3.025560"
7,Agen,entry,True,PASS,,0.0,"44.202304,0.631041 (name)","https://www.google.com/maps/dir/44.202304,0.631041/44.162390,0.602683"
10,AIGUEBELETTE,entry,False,PASS,,0.0,"45.546911,5.812958 (name)","https://www.google.com/maps/dir/45.546911,5.812958/45.576899,5.799365"
10,AIGUEBELETTE,exit,False,PASS,,0.0,"45.546911,5.812958 (name)","https://www.google.com/maps/dir/45.576899,5.799365/45.546911,5.812958"
12,Aire-sur-Adour nord,entry,False,PASS,,0.0,"43.696074,-0.255150 (name)","https://www.google.com/maps/dir/43.696074,-0.255150/43.719957,-0.273531"
12,Aire-sur-Adour nord,exit,False,PASS,,0.0,"43.696074,-0.255150 (name)","https://www.google.com/maps/dir/43.719957,-0.273531/43.696074,-0.255150"
13,Aire-sur-Adour sud,entry,False,PASS,,0.0,"43.696074,-0.255150 (name)","https://www.google.com/maps/dir/43.696074,-0.255150/43.672811,-0.287184"
13,Aire-sur-Adour sud,exit,False,PASS,,0.0,"43.696074,-0.255150 (name)","https://www.google.com/maps/dir/43.672811,-0.287184/43.696074,-0.255150"
15,AITON,entry,True,PASS,,0.0,"45.566974,6.254741 (name)","https://www.google.com/maps/dir/45.566974,6.254741/45.557904,6.242413"
22,Alençon,entry,False,PASS,,0.0,"48.429633,0.092012 (name)","https://www.google.com/maps/dir/48.429633,0.092012/48.397807,0.104804"
25,Alençon sud,entry,True,PASS,,0.0,"48.429633,0.092012 (name)","https://www.google.com/maps/dir/48.429633,0.092012/48.396606,0.111489"
26,ALENCON SUD,entry,True,PASS,,0.0,"48.429633,0.092012 (name)","https://www.google.com/maps/dir/48.429633,0.092012/48.396606,0.111489"
30,Ambarès/St-Loubes,entry,False,PASS,,0.0,"44.938277,-0.491384 (name)","https://www.google.com/maps/dir/44.938277,-0.491384/44.930238,-0.469451"
30,Ambarès/St-Loubes,exit,False,PASS,,0.0,"44.938277,-0.491384 (name)","https://www.google.com/maps/dir/44.930238,-0.469451/44.938277,-0.491384"
33,Ambes,entry,False,PASS,,0.0,"45.013081,-0.536830 (name)","https://www.google.com/maps/dir/45.013081,-0.536830/44.948037,-0.464448"
33,Ambes,exit,False,PASS,,0.0,"45.013081,-0.536830 (name)","https://www.google.com/maps/dir/44.948037,-0.464448/45.013081,-0.536830"
41,Andrézieux-Bouthéon nord,exit,False,PASS,,0.0,"45.532152,4.280670 (name)","https://www.google.com/maps/dir/45.547876,4.271073/45.532152,4.280670"
42,Andrézieux-Bouthéon sud,exit,False,PASS,,0.0,"45.532152,4.280670 (name)","https://www.google.com/maps/dir/45.547876,4.271073/45.532152,4.280670"
45,ANGERS,entry,False,PASS,,0.0,"47.467471,-0.561615 (name)","https://www.google.com/maps/dir/47.467471,-0.561615/47.476479,-0.532917"
45,ANGERS,exit,False,PASS,,0.0,"47.467471,-0.561615 (name)","https://www.google.com/maps/dir/47.476479,-0.532917/47.467471,-0.561615"
48,ANNECY CENTRE,exit,True,PASS,,0.0,"45.901584,6.125296 (name)","https://www.google.com/maps/dir/45.897950,6.092060/45.901584,6.125296"
49,ANNECY NORD,entry,False,PASS,,0.0,"45.901584,6.125296 (name)","https://www.google.com/maps/dir/45.901584,6.125296/45.938806,6.117104"
50,Antibes,entry,True,PASS,,0.0,"43.582195,7.103254 (name)","https://www.google.com/maps/dir/43.582195,7.103254/43.604560,7.078409"
50,Antibes,exit,True,PASS,,0.0,"43.582195,7.103254 (name)","https://www.google.com/maps/dir/43.604560,7.078409/43.582195,7.103254"
64,AUMALE,exit,True,PASS,,0.0,"49.771602,1.747712 (name)","https://www.google.com/maps/dir/49.760394,1.702956/49.771602,1.747712"
70,AUXY,entry,True,PASS,,0.0,"48.103199,2.476734 (name)","https://www.google.com/maps/dir/48.103199,2.476734/48.084840,2.468302"
76,Balan,entry,True,PASS,,0.0,"45.843199,5.110243 (name)","https://www.google.com/maps/dir/45.843199,5.110243/45.852784,5.096334"
78,Bandol,exit,True,PASS,,0.0,"43.148136,5.749756 (name)","https://www.google.com/maps/dir/43.146766,5.772669/43.148136,5.749756"
80,BARRIERE DE MONTREUIL AUX LIONS,exit,True,PASS,,0.0,"49.019955,3.192893 (name)","https://www.google.com/maps/dir/49.011517,3.150506/49.019955,3.192893"
83,Bayonne Mousserolles,entry,True,PASS,,0.0,"43.488544,-1.466564 (name)","https://www.google.com/maps/dir/43.488544,-1.466564/43.490761,-1.469446"
83,Bayonne Mousserolles,exit,True,PASS,,0.0,"43.488544,-1.466564 (name)","https://www.google.com/maps/dir/43.490761,-1.469446/43.488544,-1.466564"
84,Bayonne nord,entry,False,PASS,,0.0,"43.488544,-1.466564 (name)","https://www.google.com/maps/dir/43.488544,-1.466564/43.491138,-1.448647"
84,Bayonne nord,exit,False,PASS,,0.0,"43.488544,-1.466564 (name)","https://www.google.com/maps/dir/43.491138,-1.448647/43.488544,-1.466564"
97,BEAUPONT,entry,True,PASS,,0.0,"46.422987,5.264577 (name)","https://www.google.com/maps/dir/46.422987,5.264577/46.442048,5.273805"
102,BEAUTOT,entry,False,PASS,,0.0,"49.640472,1.044687 (name)","https://www.google.com/maps/dir/49.640472,1.044687/49.635303,1.050659"
103,BEAUVAIS CENTRE,entry,True,PASS,,0.0,"49.439313,2.087881 (name)","https://www.google.com/maps/dir/49.439313,2.087881/49.399160,2.122917"
105,Belcodène,exit,True,PASS,,0.0,"43.425114,5.593386 (name)","https://www.google.com/maps/dir/43.419750,5.575717/43.425114,5.593386"
107,Belin Beliet,entry,False,PASS,,0.0,"44.485885,-0.781990 (name)","https://www.google.com/maps/dir/44.485885,-0.781990/44.443266,-0.810830"
107,Belin Beliet,exit,False,PASS,,0.0,"44.485885,-0.781990 (name)","https://www.google.com/maps/dir/44.443266,-0.810830/44.485885,-0.781990"
114,Bernay,entry,False,PASS,,0.0,"49.089387,0.594919 (name)","https://www.google.com/maps/dir/49.089387,0.594919/49.137661,0.578089"
114,Bernay,exit,False,PASS,,0.0,"49.089387,0.594919 (name)","https://www.google.com/maps/dir/49.137661,0.578089/49.089387,0.594919"
115,Bernay,entry,True,PASS,,0.0,"49.089387,0.594919 (name)","https://www.google.com/maps/dir/49.089387,0.594919/49.141157,0.580263"
116,BERNAY,entry,True,PASS,,0.0,"49.089387,0.594919 (name)","https://www.google.com/maps/dir/49.089387,0.594919/49.141157,0.580263"
123,BEUZEVILLE,entry,True,PASS,,0.0,"49.340498,0.342697 (name)","https://www.google.com/maps/dir/49.340498,0.342697/49.337189,0.365377"
123,BEUZEVILLE,exit,True,PASS,,0.0,"49.340498,0.342697 (name)","https://www.google.com/maps/dir/49.337189,0.365377/49.340498,0.342697"
135,Péage de Biriatou,exit,False,PASS,,0.0,"43.334883,-1.743402 (name)","https://www.google.com/maps/dir/43.341245,-1.749638/43.334883,-1.743402"
138,Blois,entry,True,PASS,,0.0,"47.581406,1.316533 (name)","https://www.google.com/maps/dir/47.581406,1.316533/47.624887,1.346537"
141,Bonneville Est,exit,False,PASS,,0.0,"46.076863,6.408097 (name)","https://www.google.com/maps/dir/46.070130,6.424607/46.076863,6.408097"
143,BONNIÈRES-SUR-SEINE,entry,False,PASS,,0.0,"49.028053,1.570895 (name)","https://www.google.com/maps/dir/49.028053,1.570895/49.028080,1.570895"
143,BONNIÈRES-SUR-SEINE,exit,False,PASS,,0.0,"49.028053,1.570895 (name)","https://www.google.com/maps/dir/49.028080,1.570895/49.028053,1.570895"
155,BOURGOIN,entry,False,PASS,,0.0,"45.597957,5.266993 (name)","https://www.google.com/maps/dir/45.597957,5.266993/45.582177,5.300172"
158,BOURNEVILLE,exit,False,PASS,,0.0,"49.395952,0.616456 (name)","https://www.google.com/maps/dir/49.376588,0.633596/49.395952,0.616456"
159,Boussens,entry,False,PASS,,0.0,"43.176715,0.959824 (name)","https://www.google.com/maps/dir/43.176715,0.959824/43.188638,0.982037"
159,Boussens,exit,False,PASS,,0.0,"43.176715,0.959824 (name)","https://www.google.com/maps/dir/43.188638,0.982037/43.176715,0.959824"
162,Brignoles,entry,False,PASS,,0.0,"43.405995,6.073657 (name)","https://www.google.com/maps/dir/43.405995,6.073657/43.421348,6.067251"
163,Brionne,entry,False,PASS,,0.0,"49.188685,0.712970 (name)","https://www.google.com/maps/dir/49.188685,0.712970/49.242136,0.772464"
163,Brionne,exit,False,PASS,,0.0,"49.188685,0.712970 (name)","https://www.google.com/maps/dir/49.242136,0.772464/49.188685,0.712970"
166,Briscous,entry,False,PASS,,0.0,"43.459633,-1.329962 (name)","https://www.google.com/maps/dir/43.459633,-1.329962/43.451724,-1.335066"
166,Briscous,exit,False,PASS,,0.0,"43.459633,-1.329962 (name)","https://www.google.com/maps/dir/43.451724,-1.335066/43.459633,-1.329962"
168,Broglie ouest,entry,False,PASS,,0.0,"49.001174,0.531592 (name)","https://www.google.com/maps/dir/49.001174,0.531592/49.033855,0.444498"
168,Broglie ouest,exit,False,PASS,,0.0,"49.001174,0.531592 (name)","https://www.google.com/maps/dir/49.033855,0.444498/49.001174,0.531592"
175,Cahors nord,entry,False,PASS,,0.0,"44.457559,1.438342 (name)","https://www.google.com/maps/dir/44.457559,1.438342/44.532403,1.506410"
175,Cahors nord,exit,False,PASS,,0.0,"44.457559,1.438342 (name)","https://www.google.com/maps/dir/44.532403,1.506410/44.457559,1.438342"
176,Cahors sud,entry,False,PASS,,0.0,"44.457559,1.438342 (name)","https://www.google.com/maps/dir/44.457559,1.438342/44.342736,1.494020"
176,Cahors sud,exit,False,PASS,,0.0,"44.457559,1.438342 (name)","https://www.google.com/maps/dir/44.342736,1.494020/44.457559,1.438342"
186,Carbon-Blanc,entry,False,PASS,,0.0,"44.901670,-0.501346 (name)","https://www.google.com/maps/dir/44.901670,-0.501346/44.902719,-0.493504"
186,Carbon-Blanc,exit,False,PASS,,0.0,"44.901670,-0.501346 (name)","https://www.google.com/maps/dir/44.902719,-0.493504/44.901670,-0.501346"
187,Carcassonne est,entry,True,PASS,,0.0,"43.206781,2.349415 (name)","https://www.google.com/maps/dir/43.206781,2.349415/43.194357,2.419561"
189,Carnoules,exit,True,PASS,,0.0,"43.299794,6.192189 (name)","https://www.google.com/maps/dir/43.289740,6.194347/43.299794,6.192189"
190,Carros,exit,False,PASS,,0.0,"43.784043,7.191567 (name)","https://www.google.com/maps/dir/43.691601,7.189750/43.784043,7.191567"
196,Caussade,entry,False,PASS,,0.0,"44.157151,1.545108 (name)","https://www.google.com/maps/dir/44.157151,1.545108/44.149727,1.515589"
196,Caussade,exit,False,PASS,,0.0,"44.157151,1.545108 (name)","https://www.google.com/maps/dir/44.149727,1.515589/44.157151,1.545108"
197,Cavaillon,entry,True,PASS,,0.0,"43.848790,5.036175 (name)","https://www.google.com/maps/dir/43.848790,5.036175/43.814792,5.033922"
202,CHALONS - LA VEUVE,entry,True,PASS,,0.0,"49.031569,4.320531 (name)","https://www.google.com/maps/dir/49.031569,4.320531/49.031491,4.320623"
202,CHALONS - LA VEUVE,exit,True,PASS,,0.0,"49.031569,4.320531 (name)","https://www.google.com/maps/dir/49.031491,4.320623/49.031569,4.320531"
204,CHAMBERY NORD,entry,False,PASS,,0.0,"45.583223,5.909299 (name)","https://www.google.com/maps/dir/45.583223,5.909299/45.602732,5.887064"
208,Chantonnay,entry,True,PASS,,0.0,"46.670663,-1.049215 (name)","https://www.google.com/maps/dir/46.670663,-1.049215/46.627550,-1.147716"
211,Charmont-sous-Barbuise,entry,True,PASS,,0.0,"48.409136,4.176287 (name)","https://www.google.com/maps/dir/48.409136,4.176287/48.412740,4.146532"
212,Chartres est,entry,False,PASS,,0.0,"48.446525,1.502286 (name)","https://www.google.com/maps/dir/48.446525,1.502286/48.455147,1.539688"
212,Chartres est,exit,False,PASS,,0.0,"48.446525,1.502286 (name)","https://www.google.com/maps/dir/48.455147,1.539688/48.446525,1.502286"
213,CHARTRES EST,entry,False,PASS,,0.0,"48.446525,1.502286 (name)","https://www.google.com/maps/dir/48.446525,1.502286/48.455147,1.539688"
213,CHARTRES EST,exit,False,PASS,,0.0,"48.446525,1.502286 (name)","https://www.google.com/maps/dir/48.455147,1.539688/48.446525,1.502286"
215,Chasse sud,entry,False,PASS,,0.0,"45.578799,4.807289 (name)","https://www.google.com/maps/dir/45.578799,4.807289/45.573313,4.809650"
215,Chasse sud,exit,False,PASS,,0.0,"45.578799,4.807289 (name)","https://www.google.com/maps/dir/45.573313,4.809650/45.578799,4.807289"
218,CHÂTEAU-THIERRY,entry,True,PASS,,0.0,"49.050003,3.383835 (name)","https://www.google.com/maps/dir/49.050003,3.383835/49.081264,3.402355"
219,CHATELLERAULT NORD,entry,True,PASS,,0.0,"46.816200,0.551000 (name)","https://www.google.com/maps/dir/46.816200,0.551000/46.837926,0.524726"
220,CHATELLERAULT SUD,entry,True,PASS,,0.0,"46.816200,0.551000 (name)","https://www.google.com/maps/dir/46.816200,0.551000/46.781558,0.500526"
223,CHATILLON-LABORDE,entry,True,PASS,,0.0,"48.530369,2.831388 (name)","https://www.google.com/maps/dir/48.530369,2.831388/48.539508,2.794951"
227,CHAUMONT-SEMOUTIERS,entry,True,PASS,,0.0,"48.061289,5.051148 (name)","https://www.google.com/maps/dir/48.061289,5.051148/48.039707,5.060420"
235,Choisey,entry,True,PASS,,0.0,"47.062176,5.453585 (name)","https://www.google.com/maps/dir/47.062176,5.453585/47.067801,5.438388"
241,Clermont-en-Argonne,entry,False,PASS,,0.0,"49.117503,5.099990 (name)","https://www.google.com/maps/dir/49.117503,5.099990/49.094442,5.101665"
